CardID,CustomerID,CardNumber,CardType,CVV,ExpiryDate,Limit,Status
1,19,5326784019,UzCard,231,8/9/2024,47713,Blocked
2,155,1093268457,Amex,980,8/8/2024,17853,Blocked
3,318,3125874069,Amex,580,3/2/2026,39907,Blocked
4,453,2197643058,Amex,475,9/14/2030,43811,Closed
5,382,538427916,MasterCard,17,1/6/2024,32977,Active
6,720,9586704231,MasterCard,45,3/14/2023,8556,Closed
7,962,3290678541,Visa,61,2/20/2025,10843,Blocked
8,983,9324806571,UzCard,410,9/28/2025,32607,Blocked
9,679,2197534806,Amex,362,2/12/2023,11817,Blocked
10,469,3582641790,Visa,936,11/15/2025,17056,Closed
11,340,2315760498,Visa,102,12/29/2028,40291,Blocked
12,846,6849035271,UzCard,764,2/3/2023,6818,Active
13,130,8059362471,MasterCard,827,6/22/2025,43946,Active
14,497,295416387,UzCard,678,4/11/2024,5808,Blocked
15,406,1035642897,MasterCard,241,11/7/2029,32465,Active
16,95,7140298653,UzCard,248,4/20/2029,30943,Active
17,109,7685213049,Amex,642,2/18/2026,39760,Active
18,996,3182704956,UzCard,382,9/9/2026,5722,Active
19,918,4823576910,Visa,620,10/4/2024,28587,Blocked
20,717,8604923751,MasterCard,843,9/5/2026,1507,Closed
21,365,8192764305,Amex,570,2/10/2028,34851,Active
22,998,3018624975,MasterCard,524,2/22/2025,8010,Closed
23,908,9853624017,MasterCard,610,3/11/2023,28458,Closed
24,22,2751493068,MasterCard,859,4/15/2024,49260,Active
25,591,4871962530,MasterCard,175,10/15/2026,46740,Blocked
26,354,5164290873,UzCard,809,7/8/2025,49965,Blocked
27,27,4250183697,Amex,357,5/31/2025,30039,Active
28,235,3469085217,UzCard,216,6/5/2026,6922,Closed
29,559,8172345906,Amex,460,4/2/2028,21114,Closed
30,904,176385249,Amex,837,1/3/2025,5123,Blocked
31,271,7048269351,MasterCard,729,6/7/2026,29533,Blocked
32,129,6951380274,UzCard,875,10/18/2030,23227,Blocked
33,18,3140826759,Amex,176,8/17/2026,33142,Blocked
34,766,5132094867,Amex,309,2/20/2029,8958,Blocked
35,326,9053684172,UzCard,219,9/27/2027,24131,Active
36,839,8052367914,MasterCard,217,4/28/2029,29066,Active
37,438,2487105396,UzCard,32,10/4/2024,43269,Closed
38,489,169542783,Amex,523,1/14/2027,41834,Blocked
39,543,6491537280,MasterCard,73,1/4/2029,45429,Blocked
40,348,3816970254,MasterCard,145,9/16/2025,27560,Blocked
41,234,6958034127,MasterCard,285,6/21/2026,47870,Blocked
42,298,716328594,Amex,586,12/22/2028,41326,Closed
43,567,631274895,MasterCard,481,1/9/2028,18179,Blocked
44,813,6782453109,Amex,45,1/24/2029,30738,Closed
45,378,6175089324,UzCard,218,10/25/2025,1303,Active
46,795,4038192675,UzCard,178,12/27/2025,27145,Blocked
47,149,2941083567,UzCard,761,1/14/2026,39323,Closed
48,681,9316745820,Amex,237,11/1/2025,22800,Closed
49,294,3217086549,Visa,305,3/31/2025,45095,Active
50,588,4185209376,Amex,541,3/29/2030,49546,Active
51,512,9524378610,UzCard,914,1/26/2026,17053,Active
52,147,617453298,Visa,805,8/15/2030,26046,Closed
53,770,8745610329,UzCard,169,3/13/2023,15033,Blocked
54,886,597168324,Visa,203,1/12/2025,16841,Blocked
55,981,6240935817,Amex,172,9/10/2023,41782,Closed
56,406,5127430698,Amex,691,3/13/2028,6177,Closed
57,706,2908475361,MasterCard,598,12/7/2028,3026,Blocked
58,831,6052134879,UzCard,726,12/13/2027,4677,Closed
59,908,1983470652,Visa,530,7/19/2027,24930,Active
60,158,4673508192,UzCard,658,9/18/2029,12355,Closed
61,416,3042916578,Visa,436,5/18/2024,4261,Active
62,276,9720183456,MasterCard,106,6/12/2027,30593,Blocked
63,621,5108367294,Amex,504,11/18/2026,9504,Blocked
64,525,1574893062,MasterCard,175,3/23/2026,16330,Closed
65,861,7580341269,UzCard,792,12/13/2029,32260,Active
66,667,5840163927,Amex,912,9/4/2028,10731,Closed
67,561,1349650287,MasterCard,840,2/8/2027,14661,Closed
68,209,7621495380,MasterCard,927,1/8/2029,3488,Active
69,995,1068429573,Visa,789,1/27/2029,4234,Blocked
70,471,4031725689,UzCard,196,10/5/2025,49368,Active
71,40,139682457,Visa,62,6/24/2025,44080,Blocked
72,324,485973126,MasterCard,481,1/2/2024,42031,Active
73,563,851749362,MasterCard,675,3/8/2026,31551,Active
74,934,8695247013,Visa,68,5/31/2027,49125,Blocked
75,325,9450837261,Amex,721,9/15/2023,14645,Closed
76,431,7143209865,Amex,401,4/23/2028,48373,Blocked
77,329,5346127089,Visa,519,5/23/2025,47899,Active
78,602,5896037421,UzCard,82,8/22/2024,36115,Closed
79,990,7461350289,UzCard,904,10/29/2027,39881,Active
80,206,4309176528,UzCard,762,1/5/2025,1775,Closed
81,208,5268731409,MasterCard,617,12/24/2027,27542,Active
82,389,2759401683,MasterCard,13,4/19/2030,2722,Active
83,915,1543802697,Amex,837,11/20/2025,31463,Closed
84,990,4853962017,Visa,49,5/23/2025,40301,Blocked
85,728,3407162895,Amex,150,11/1/2025,17751,Active
86,850,7401856239,UzCard,713,3/16/2024,3652,Active
87,725,7839504612,MasterCard,940,10/18/2030,18793,Active
88,396,2871964035,Amex,534,10/25/2025,3813,Active
89,140,4816352907,UzCard,734,3/12/2027,26907,Blocked
90,529,5714063928,Visa,392,12/25/2024,1543,Active
91,430,6054823971,MasterCard,819,4/14/2026,5161,Active
92,764,8217634905,Visa,96,11/24/2024,14993,Closed
93,583,253189764,Visa,746,5/19/2025,30940,Active
94,514,4283761905,Amex,845,7/29/2025,31764,Active
95,344,2650843917,UzCard,245,1/1/2025,32284,Active
96,978,7892351640,UzCard,675,10/6/2023,19840,Active
97,448,4271586390,Amex,296,11/19/2025,22088,Active
98,451,8214093567,UzCard,340,10/8/2028,34611,Closed
99,672,6105238479,MasterCard,896,1/21/2024,24614,Blocked
100,399,1590428763,UzCard,720,8/27/2027,44681,Active
101,172,4271805693,Visa,385,9/14/2028,1356,Active
102,953,2964507138,Visa,397,10/7/2024,47794,Active
103,413,3290468157,MasterCard,742,3/16/2029,4550,Closed
104,31,1593840276,MasterCard,947,2/9/2024,33079,Active
105,693,8740952613,Amex,572,8/5/2028,19838,Blocked
106,783,7642085319,UzCard,170,8/30/2029,34802,Active
107,15,7248013659,MasterCard,132,5/30/2030,9776,Active
108,271,2530687419,UzCard,341,9/23/2026,17652,Blocked
109,158,7045681932,UzCard,596,7/2/2027,21751,Active
110,336,247186953,Amex,219,9/11/2026,45890,Closed
111,277,4260871359,Amex,640,1/10/2027,10995,Closed
112,251,8123096547,UzCard,529,5/28/2030,46428,Active
113,107,3465298701,Amex,879,12/29/2029,11336,Closed
114,547,6859704321,UzCard,358,9/16/2024,4319,Closed
115,765,2784956130,UzCard,352,10/13/2027,6798,Blocked
116,735,6045239817,Visa,316,8/20/2029,39496,Blocked
117,478,5301897624,MasterCard,19,9/6/2027,23372,Closed
118,895,4983527601,UzCard,914,1/10/2026,28152,Closed
119,654,4985360721,UzCard,925,12/19/2027,15784,Closed
120,907,4135807926,UzCard,365,8/13/2024,11727,Blocked
121,415,2107953648,Visa,87,10/2/2028,22330,Blocked
122,41,4019278365,Amex,458,11/12/2029,40724,Closed
123,469,5103978246,MasterCard,659,3/29/2030,30783,Blocked
124,764,4913782056,Visa,245,3/22/2030,4039,Blocked
125,198,4392167085,Visa,123,5/29/2029,43964,Blocked
126,413,1265039748,MasterCard,723,5/18/2026,35523,Closed
127,584,9348170526,Visa,801,8/19/2028,35030,Active
128,724,2614378950,Amex,360,2/28/2027,37347,Active
129,467,2173586094,Amex,352,7/2/2028,17382,Closed
130,62,3925078641,Visa,916,11/24/2025,47277,Closed
131,55,2381560497,UzCard,570,4/16/2025,32173,Active
132,730,3796104528,Visa,120,5/13/2024,5118,Blocked
133,512,5081647239,Visa,837,2/21/2028,7719,Active
134,744,7621805943,MasterCard,290,10/9/2028,7096,Blocked
135,868,5421309678,UzCard,276,9/20/2030,46523,Closed
136,489,1460852739,MasterCard,249,11/27/2027,22342,Blocked
137,913,6304521978,Visa,564,2/18/2027,12747,Closed
138,295,9278054613,Visa,869,5/19/2026,7243,Active
139,621,2701839654,UzCard,640,2/15/2024,24591,Active
140,568,9305462187,Amex,581,3/19/2024,35118,Closed
141,314,6089321475,UzCard,84,8/25/2026,36406,Blocked
142,517,7920561834,Visa,823,12/16/2030,34181,Blocked
143,925,4265981703,MasterCard,483,6/26/2023,30739,Closed
144,40,9847523061,Visa,389,8/7/2024,36307,Blocked
145,56,9645213087,UzCard,710,9/13/2029,30023,Closed
146,889,2504679183,UzCard,318,4/15/2024,14582,Closed
147,70,7451039286,Visa,426,8/3/2024,12994,Closed
148,311,672389154,Amex,524,10/1/2025,46170,Blocked
149,641,8671950432,Visa,140,8/31/2029,2486,Blocked
150,732,9681452370,MasterCard,936,1/8/2023,36846,Closed
151,673,9456078312,Amex,641,12/4/2024,43093,Closed
152,245,6072913584,MasterCard,791,5/11/2025,18679,Closed
153,757,6850927134,Visa,21,2/27/2025,38679,Blocked
154,138,874165923,Visa,153,7/24/2025,40646,Active
155,886,3194062875,Amex,182,3/29/2029,39944,Active
156,899,6405279381,UzCard,618,10/15/2025,34268,Blocked
157,866,7930425168,Amex,712,11/23/2024,17674,Blocked
158,404,2943861705,Visa,471,10/30/2023,32291,Blocked
159,713,5162809374,UzCard,893,10/7/2025,43512,Active
160,807,1743890526,Visa,342,10/24/2025,23606,Closed
161,777,428531976,Visa,679,11/21/2030,16481,Blocked
162,130,3576419802,Amex,753,4/29/2023,2407,Blocked
163,268,173965248,MasterCard,396,1/4/2025,39025,Active
164,841,9852301746,Amex,485,2/28/2024,3473,Active
165,513,8576134029,UzCard,496,12/19/2029,4459,Blocked
166,932,3907618452,MasterCard,971,6/30/2023,33782,Closed
167,245,1548270639,MasterCard,579,3/25/2023,33627,Closed
168,617,3978405621,Visa,804,1/25/2023,44791,Active
169,261,1976502384,Visa,576,9/13/2025,7932,Active
170,896,5902648173,Amex,801,7/3/2028,19024,Active
171,982,6915048372,Visa,308,3/16/2025,46504,Closed
172,625,6079813254,MasterCard,238,10/12/2023,42570,Active
173,722,1639542870,MasterCard,473,8/4/2028,10222,Closed
174,1000,4701238596,MasterCard,894,12/18/2028,28506,Active
175,533,162594873,MasterCard,304,9/1/2030,30642,Closed
176,193,7130246859,UzCard,963,1/2/2029,31531,Blocked
177,789,8631079245,UzCard,793,5/2/2026,27449,Active
178,88,4309725186,Amex,961,11/4/2023,16667,Blocked
179,116,6471985032,Visa,281,10/5/2027,34576,Active
180,443,6091782354,UzCard,764,2/14/2026,21735,Blocked
181,547,159623784,Amex,706,12/26/2027,21953,Closed
182,767,9507283164,MasterCard,125,8/28/2023,45982,Closed
183,335,5120863497,MasterCard,501,5/10/2023,29454,Active
184,794,1697354082,MasterCard,350,5/2/2026,2810,Closed
185,198,9210576834,Visa,938,1/4/2027,14901,Blocked
186,688,6198052473,MasterCard,635,8/16/2024,6709,Blocked
187,29,6598742301,MasterCard,360,2/1/2026,16432,Closed
188,838,6570189432,Visa,687,3/8/2026,14569,Active
189,693,7194823560,UzCard,397,1/2/2026,37949,Blocked
190,802,6851097342,MasterCard,19,2/6/2027,48798,Blocked
191,263,4859631270,UzCard,467,2/25/2027,18950,Closed
192,810,7846231509,Visa,587,11/2/2027,36444,Closed
193,122,2430758961,UzCard,725,8/13/2023,9851,Blocked
194,932,7352094168,UzCard,73,2/19/2030,33412,Blocked
195,345,3291748560,UzCard,571,2/10/2028,45463,Closed
196,822,6478053192,Visa,37,12/31/2023,15586,Active
197,666,6801725394,UzCard,205,8/1/2027,10063,Active
198,376,1345980726,MasterCard,256,11/2/2027,49925,Closed
199,266,4750693821,MasterCard,731,7/27/2027,26757,Blocked
200,218,1075246893,UzCard,859,1/5/2029,19739,Blocked
201,88,1982350467,UzCard,160,2/3/2023,31001,Active
202,472,539742168,Amex,258,10/11/2030,24498,Closed
203,297,2315480769,MasterCard,126,9/16/2023,28096,Closed
204,814,2695048137,UzCard,37,9/8/2024,46263,Blocked
205,687,193586274,Amex,273,10/2/2025,1862,Closed
206,809,9751208436,UzCard,732,9/24/2029,22796,Active
207,224,8037492165,Visa,527,8/7/2030,18531,Active
208,453,7584302196,Visa,680,10/31/2026,42956,Blocked
209,129,4361925870,UzCard,426,12/30/2030,28577,Closed
210,975,8534792160,UzCard,269,6/23/2023,25166,Blocked
211,564,3495182076,UzCard,492,11/29/2030,9937,Blocked
212,506,8916753024,Visa,814,8/10/2024,42766,Closed
213,531,7215864930,UzCard,361,10/1/2028,36166,Closed
214,724,7132604859,Visa,610,10/1/2030,35221,Closed
215,614,5627301489,Visa,670,12/29/2024,45170,Closed
216,949,978213654,Visa,132,11/8/2028,15560,Closed
217,626,6043895712,UzCard,187,6/14/2027,39656,Blocked
218,875,4025631798,Visa,413,7/1/2028,3612,Closed
219,898,6915032874,UzCard,140,12/31/2025,35078,Active
220,355,8592674013,Visa,298,10/2/2029,13683,Active
221,421,7820569431,Visa,793,7/11/2026,21416,Active
222,484,3704692815,MasterCard,51,2/11/2025,10972,Blocked
223,403,5104967382,Visa,486,12/9/2023,3099,Blocked
224,807,2968741530,MasterCard,876,11/30/2023,30769,Blocked
225,921,1506849237,MasterCard,657,12/8/2030,18118,Active
226,218,6348951027,Amex,659,5/4/2027,49103,Blocked
227,196,9514086732,UzCard,819,11/26/2030,28640,Blocked
228,918,817523496,Amex,480,11/10/2030,48701,Closed
229,241,6842375190,UzCard,843,7/8/2027,6172,Closed
230,88,7895163024,MasterCard,730,1/13/2030,36633,Active
231,682,3074529681,Amex,192,6/13/2025,22338,Closed
232,769,8657013429,MasterCard,803,4/19/2025,21216,Active
233,115,7359860421,MasterCard,752,3/30/2026,14847,Active
234,217,697354218,UzCard,521,3/2/2023,16740,Closed
235,853,253987641,MasterCard,765,9/26/2023,27124,Blocked
236,93,2905467381,MasterCard,607,4/13/2027,49246,Active
237,467,3065281974,UzCard,145,5/1/2024,46276,Closed
238,236,1253987406,MasterCard,207,8/3/2027,21412,Active
239,914,5806974321,Amex,163,6/3/2024,43635,Active
240,885,6197420835,MasterCard,597,3/23/2024,36188,Closed
241,730,8046521937,UzCard,598,4/6/2025,34710,Closed
242,921,7128546903,UzCard,786,12/12/2023,48357,Blocked
243,343,2851347690,Amex,463,10/13/2023,21620,Closed
244,117,6085321947,MasterCard,738,1/10/2029,17293,Blocked
245,113,1496238507,Amex,648,11/27/2027,1735,Closed
246,427,368471529,UzCard,317,9/23/2029,16658,Closed
247,18,9451687230,UzCard,342,6/24/2026,44472,Blocked
248,163,8739542061,Visa,341,5/3/2023,31139,Blocked
249,350,5274036819,Visa,984,7/7/2027,38477,Closed
250,479,6514279380,Amex,869,12/30/2028,11279,Active
251,90,148592637,UzCard,492,2/1/2030,22657,Closed
252,130,3698527410,MasterCard,581,8/27/2026,34367,Closed
253,113,8263510974,UzCard,527,11/7/2023,18668,Closed
254,117,138725496,MasterCard,432,6/3/2025,8132,Blocked
255,209,5084697231,Visa,705,5/31/2030,31231,Blocked
256,575,4391260578,Amex,197,2/24/2028,13574,Active
257,708,4695831720,MasterCard,93,1/15/2029,35333,Blocked
258,81,1026873549,Visa,84,9/4/2024,26118,Blocked
259,564,5187340296,Visa,281,4/16/2030,41535,Blocked
260,287,1056834927,Visa,742,2/2/2027,49977,Active
261,192,2146985307,Amex,850,11/29/2024,1500,Closed
262,707,7812054369,UzCard,603,9/29/2024,9906,Blocked
263,493,5146973280,MasterCard,28,10/5/2023,35938,Closed
264,977,2194675038,MasterCard,314,7/25/2023,28022,Closed
265,816,3804261795,UzCard,517,11/4/2027,21800,Closed
266,453,3704681259,UzCard,329,5/15/2024,27081,Closed
267,499,7128905436,Amex,693,12/11/2030,47948,Blocked
268,819,7612453098,Amex,859,8/31/2027,7043,Closed
269,153,6275183490,MasterCard,278,1/7/2028,40053,Active
270,447,7583912460,Amex,325,5/10/2026,21477,Active
271,363,8105463972,Amex,164,10/19/2026,43764,Active
272,901,9514876023,UzCard,612,1/18/2030,29962,Blocked
273,437,3486071925,UzCard,278,8/20/2029,27008,Closed
274,919,4920836715,Amex,142,11/7/2024,11607,Blocked
275,871,3469857210,MasterCard,389,2/20/2028,35825,Active
276,973,5073861249,MasterCard,496,4/28/2023,41111,Blocked
277,383,3817904652,Amex,362,8/19/2023,47452,Closed
278,511,6453918270,MasterCard,852,12/27/2024,40819,Active
279,570,3246790815,Amex,214,3/1/2028,2421,Blocked
280,625,4057921683,Visa,203,2/10/2030,32545,Active
281,325,7925684031,Amex,93,4/29/2023,28191,Closed
282,431,8154706329,Visa,52,11/6/2027,33321,Blocked
283,550,7264150839,UzCard,416,6/14/2026,17650,Blocked
284,889,8631059427,Visa,291,2/4/2023,42684,Blocked
285,961,8325976140,Amex,764,8/26/2026,17301,Active
286,585,4821579360,Amex,920,6/28/2026,22621,Active
287,22,3816027594,UzCard,980,2/12/2030,34087,Blocked
288,192,9375028641,MasterCard,24,8/14/2026,35054,Active
289,879,4562307189,MasterCard,238,9/12/2029,7708,Active
290,318,7234086159,Visa,863,6/13/2023,5839,Closed
291,150,7864012953,Amex,726,12/11/2030,23600,Active
292,339,5628379401,MasterCard,275,9/6/2027,19608,Closed
293,233,1586290437,UzCard,108,6/13/2026,21548,Active
294,945,8601479523,Visa,180,7/21/2026,27326,Active
295,109,2917854036,Visa,247,10/12/2025,40877,Closed
296,36,8302541967,Visa,829,6/22/2023,25415,Blocked
297,246,9042358167,Amex,376,5/19/2025,43327,Closed
298,615,5632194807,Amex,23,7/15/2026,6315,Blocked
299,971,4935671028,MasterCard,895,9/25/2027,24788,Blocked
300,553,7318529460,Amex,386,7/26/2028,34635,Blocked
301,598,4512769038,UzCard,405,12/18/2024,20041,Blocked
302,386,4950321678,Visa,153,2/24/2028,1352,Active
303,40,2036419578,Amex,569,6/27/2023,48952,Blocked
304,133,9430826175,UzCard,906,1/3/2023,11125,Blocked
305,98,2897561304,Visa,164,9/4/2023,11190,Closed
306,455,9172650834,Visa,658,11/15/2028,7007,Closed
307,398,9863457102,Visa,859,8/5/2025,6385,Active
308,577,3167904528,Amex,425,4/5/2023,38286,Closed
309,985,5964281703,UzCard,174,2/14/2028,18687,Blocked
310,242,2490857361,MasterCard,510,7/29/2024,5913,Closed
311,361,3986042517,MasterCard,61,4/1/2027,12011,Active
312,522,9548763012,UzCard,172,3/27/2030,16945,Active
313,544,6504381297,Visa,915,3/18/2023,31106,Closed
314,830,945728316,Visa,716,6/30/2025,5388,Active
315,205,9054371862,UzCard,735,5/28/2029,38091,Blocked
316,704,932516847,UzCard,781,3/12/2026,23973,Blocked
317,16,5893072146,Visa,689,11/21/2023,48438,Blocked
318,527,5907183624,Visa,459,12/13/2025,1715,Blocked
319,556,1849673052,UzCard,631,3/28/2030,40006,Active
320,258,3092481756,UzCard,296,2/26/2027,4962,Closed
321,954,2465137890,Amex,492,5/9/2025,27108,Blocked
322,806,3756412098,MasterCard,47,9/2/2028,33851,Blocked
323,186,8350697142,Amex,109,9/13/2026,6382,Active
324,533,9416285307,UzCard,247,10/15/2023,42186,Blocked
325,657,3218506794,UzCard,241,2/18/2025,34552,Active
326,201,9478561032,UzCard,239,9/4/2028,48945,Active
327,445,4390812765,UzCard,871,3/8/2026,11188,Closed
328,841,7124963580,Visa,620,10/18/2029,23426,Active
329,568,3641809572,MasterCard,763,10/25/2030,14568,Closed
330,408,8194063572,Amex,56,10/12/2024,44133,Closed
331,904,932684157,UzCard,25,5/21/2028,23928,Blocked
332,3,962183754,UzCard,56,7/12/2025,26592,Active
333,811,3712058496,UzCard,908,4/6/2027,40121,Active
334,168,7153628490,MasterCard,724,4/20/2027,38410,Closed
335,938,731956428,MasterCard,405,5/28/2026,30414,Closed
336,225,5269847301,Visa,726,5/4/2024,31311,Closed
337,552,1296354708,MasterCard,876,12/5/2029,12526,Closed
338,214,9201376548,MasterCard,462,7/7/2027,28717,Closed
339,609,2158630974,Amex,75,6/30/2026,12363,Closed
340,278,5974210638,UzCard,832,3/5/2025,12889,Blocked
341,289,8205491736,Visa,607,11/24/2030,12227,Closed
342,229,8529716430,Amex,387,2/7/2024,42476,Active
343,660,7542809631,UzCard,683,11/24/2024,11677,Closed
344,584,192864357,MasterCard,68,10/1/2029,38000,Closed
345,548,1408672539,UzCard,152,9/19/2026,20076,Active
346,700,7165230894,Visa,420,3/5/2027,49863,Blocked
347,399,123794685,MasterCard,180,1/18/2024,21656,Active
348,690,9356807142,MasterCard,469,5/2/2026,14355,Closed
349,510,315968427,UzCard,976,8/13/2029,8699,Blocked
350,290,1358649027,Amex,29,4/12/2029,4335,Active
351,732,9687125430,Visa,213,5/30/2028,48217,Blocked
352,471,5607983421,Amex,67,5/7/2024,23487,Blocked
353,823,2409183567,MasterCard,816,11/26/2030,44054,Blocked
354,412,4185263097,UzCard,481,9/30/2029,11107,Closed
355,5,1450697328,MasterCard,417,9/29/2027,32804,Active
356,481,1796035842,Amex,790,2/2/2024,26422,Blocked
357,235,5710982364,Amex,879,1/1/2026,12306,Active
358,365,9513462780,UzCard,642,9/4/2030,6009,Closed
359,465,1209687435,Amex,781,5/8/2026,45893,Closed
360,346,7842061935,Amex,906,2/9/2027,28423,Active
361,138,7061592348,Visa,789,5/29/2025,20911,Active
362,4,7918342065,Amex,15,3/30/2030,33804,Blocked
363,862,3205479186,Visa,386,11/2/2030,21998,Closed
364,633,5470913826,Amex,961,6/13/2030,18255,Active
365,669,6072318495,MasterCard,341,6/13/2028,24805,Active
366,360,2748963015,Amex,182,6/5/2030,16339,Blocked
367,570,2196573084,UzCard,289,12/18/2030,7086,Closed
368,67,4618723590,Amex,913,3/5/2030,30445,Closed
369,519,4507619328,Visa,637,8/5/2027,47554,Blocked
370,803,318456729,MasterCard,284,10/21/2025,24764,Closed
371,79,1238765490,Visa,798,11/7/2029,32826,Active
372,365,4078632951,Visa,259,5/7/2025,43362,Blocked
373,131,5302948617,Amex,478,5/24/2030,9620,Closed
374,197,9584760132,UzCard,610,3/27/2023,21476,Active
375,139,3458972160,Visa,864,9/14/2028,36435,Active
376,143,2691057384,Amex,206,10/22/2029,25924,Closed
377,361,6281037459,MasterCard,79,7/7/2028,47446,Active
378,215,8721693045,Amex,485,5/15/2029,48750,Closed
379,158,7082964135,Amex,728,7/7/2023,36964,Active
380,289,5392810764,Amex,819,3/2/2029,43759,Active
381,710,9502437861,MasterCard,172,1/30/2029,20835,Closed
382,192,1384209675,Amex,504,9/9/2025,35950,Closed
383,838,8530697142,MasterCard,765,7/13/2029,25104,Active
384,386,8396275401,UzCard,941,6/15/2023,44617,Blocked
385,662,2946057381,Visa,570,5/21/2026,28168,Closed
386,925,9708451263,UzCard,791,2/1/2028,22659,Closed
387,359,6574128930,MasterCard,926,2/15/2029,36933,Blocked
388,859,8641302759,UzCard,753,10/22/2023,43950,Active
389,257,4713928506,Visa,719,9/6/2028,42856,Closed
390,349,3410289657,UzCard,562,8/24/2026,26684,Blocked
391,586,4631257089,Visa,812,5/6/2025,40703,Closed
392,786,9057421863,Amex,753,1/26/2029,15667,Blocked
393,825,8541709623,UzCard,105,9/25/2023,43409,Blocked
394,550,5024139687,Visa,624,3/13/2028,8044,Blocked
395,110,9728150634,MasterCard,782,10/19/2029,3052,Closed
396,755,3157629840,MasterCard,65,2/20/2030,42737,Blocked
397,96,7120486359,Amex,390,4/15/2028,4545,Active
398,482,4316728905,MasterCard,602,10/23/2024,8335,Closed
399,466,6924730581,MasterCard,245,8/8/2028,24855,Closed
400,9,386547291,Visa,602,2/10/2025,45931,Active
401,982,6324751809,UzCard,724,9/3/2027,6895,Blocked
402,710,8740532169,Amex,721,8/6/2030,14158,Active
403,714,4715830962,Visa,502,5/22/2023,46763,Closed
404,891,4037625198,Amex,135,10/23/2028,44992,Blocked
405,546,1429780563,Visa,510,5/19/2024,40963,Blocked
406,745,386912457,Visa,98,12/14/2030,49104,Closed
407,405,4056192738,Amex,723,4/17/2026,4397,Active
408,842,4951026873,MasterCard,859,6/30/2030,41274,Closed
409,732,3172598064,Visa,91,4/15/2023,17478,Blocked
410,204,4326970581,UzCard,375,2/20/2030,28883,Blocked
411,318,7836415209,UzCard,780,5/23/2024,32916,Active
412,930,231975468,Visa,135,3/6/2024,36038,Blocked
413,954,2463051879,Visa,653,11/26/2023,12171,Blocked
414,493,5197682340,MasterCard,980,7/19/2028,47297,Blocked
415,790,6739208451,UzCard,745,8/15/2024,38181,Closed
416,991,3412678509,UzCard,850,12/11/2030,27775,Blocked
417,685,6039724185,UzCard,173,12/26/2025,7784,Active
418,978,4916208573,Visa,843,4/6/2029,20466,Blocked
419,750,2680951734,Visa,973,1/6/2027,24414,Blocked
420,360,8195324706,Amex,718,5/26/2026,11139,Closed
421,134,8974625310,Visa,516,11/28/2024,29971,Blocked
422,970,8642750391,Visa,206,11/17/2028,29838,Active
423,664,4153796028,MasterCard,482,8/12/2028,39798,Active
424,171,4518269037,UzCard,384,10/25/2025,19852,Active
425,564,8359716024,Visa,978,8/16/2030,23262,Closed
426,365,6173920854,MasterCard,528,7/24/2030,49225,Closed
427,919,8190457326,Amex,154,8/9/2028,21762,Closed
428,559,8647213950,Amex,924,12/8/2025,35891,Closed
429,553,9510462378,MasterCard,210,2/11/2026,24568,Blocked
430,342,8354019762,Visa,829,12/3/2028,41293,Active
431,829,4507629381,Amex,426,3/20/2027,6544,Blocked
432,215,7236180945,MasterCard,81,5/10/2025,9472,Blocked
433,17,5847193260,UzCard,368,4/21/2030,4198,Active
434,558,9471305286,MasterCard,758,11/22/2030,7877,Closed
435,698,692317548,Amex,275,3/18/2027,12791,Active
436,717,8754129063,Visa,573,3/5/2026,36952,Closed
437,609,7405918623,UzCard,843,8/26/2030,43993,Active
438,372,7604921385,UzCard,317,4/24/2024,45840,Closed
439,800,9713058264,Amex,765,6/28/2024,27867,Active
440,75,3524106879,Amex,970,6/26/2028,2114,Active
441,227,3029148756,Amex,953,8/23/2030,15592,Active
442,45,5718324960,Amex,408,3/19/2025,16231,Active
443,268,7694158320,MasterCard,357,4/3/2024,47273,Active
444,393,5169734802,Visa,531,2/10/2023,4865,Active
445,908,1830472659,MasterCard,46,1/13/2030,13235,Blocked
446,885,3647529081,Visa,192,3/10/2023,37644,Blocked
447,452,7398415062,UzCard,302,1/19/2028,7712,Blocked
448,961,5328146709,MasterCard,694,6/16/2029,42432,Closed
449,858,6345871209,MasterCard,429,3/3/2030,30462,Closed
450,567,2578619034,MasterCard,310,10/17/2026,13484,Active
451,882,539167428,UzCard,164,9/10/2026,41211,Blocked
452,899,1738246095,MasterCard,593,6/19/2027,10450,Active
453,10,2416508379,MasterCard,163,6/10/2023,12681,Closed
454,362,4359108672,Amex,840,11/23/2026,40006,Closed
455,509,2198043756,MasterCard,403,4/29/2026,15168,Closed
456,484,4976213085,Visa,579,6/2/2028,17612,Blocked
457,805,3248906517,MasterCard,12,4/20/2029,15377,Active
458,979,2063594187,UzCard,413,5/4/2027,45414,Closed
459,816,476135289,UzCard,893,2/22/2030,40818,Active
460,173,2695314780,UzCard,413,11/9/2028,5676,Blocked
461,427,4093281567,MasterCard,301,7/21/2023,42784,Blocked
462,299,2906581743,Visa,142,12/31/2027,13756,Active
463,978,3701246985,MasterCard,681,12/29/2029,16136,Blocked
464,859,7685123490,Amex,279,8/11/2024,36261,Active
465,570,4309781526,Amex,508,8/2/2023,9787,Active
466,458,248361795,Visa,982,7/11/2023,13775,Active
467,900,9874205631,UzCard,564,5/9/2029,38881,Active
468,431,3794162058,Amex,564,12/30/2026,48153,Closed
469,11,1674382095,MasterCard,691,12/29/2030,22016,Active
470,761,138967425,Visa,953,7/14/2027,37157,Blocked
471,103,1925863740,Visa,246,10/4/2025,22608,Active
472,188,8459210673,UzCard,781,9/6/2025,17359,Active
473,584,329476815,Amex,709,9/13/2030,31436,Blocked
474,360,496182375,MasterCard,139,3/20/2028,1794,Blocked
475,844,6253098174,Visa,901,9/24/2027,35700,Blocked
476,790,1438760295,Visa,584,9/15/2024,27082,Blocked
477,665,9364285701,Amex,716,12/16/2028,6921,Closed
478,874,134256798,Visa,348,7/19/2029,15977,Active
479,773,4219783065,Visa,845,1/24/2027,45500,Blocked
480,57,4659872301,MasterCard,324,4/13/2028,49646,Closed
481,858,5803764912,UzCard,712,8/2/2026,7982,Closed
482,973,9174862350,Visa,560,11/3/2023,13577,Closed
483,911,2143895607,UzCard,741,10/15/2024,25962,Active
484,912,5301649278,Amex,830,11/1/2029,2197,Blocked
485,525,3621948507,Visa,627,3/7/2028,25204,Blocked
486,847,8254169703,Amex,960,2/25/2023,14086,Active
487,788,8439125670,Visa,740,9/7/2023,18786,Blocked
488,909,5379268041,Visa,965,12/21/2024,42166,Closed
489,414,4367820591,Visa,816,7/15/2029,8005,Blocked
490,427,2490357618,Amex,462,7/16/2027,15765,Blocked
491,86,1630495872,Visa,375,4/21/2030,38211,Blocked
492,14,2048136597,Visa,463,1/21/2024,15046,Active
493,85,5830749621,UzCard,62,1/16/2025,26759,Closed
494,133,9740836521,UzCard,896,6/29/2027,26287,Blocked
495,432,8651309724,UzCard,254,9/29/2029,34212,Closed
496,448,6857140329,Visa,645,10/5/2030,34536,Active
497,289,4097358261,Amex,98,7/2/2026,6138,Active
498,587,1468735290,MasterCard,147,6/3/2025,21041,Closed
499,780,154367829,UzCard,916,10/25/2029,7325,Blocked
500,398,1825943607,Amex,789,6/7/2026,1890,Closed
