LoanID,CustomerID,LoanType,Amount,InterestRate,StartDate,EndDate,Status
1,148,Personal,47347.46,0.197,10/29/2020,7/20/2021,Active
2,252,Personal,19749.27,0.1764,3/5/2023,4/18/2024,Defaulted
3,192,Auto,24667.25,0.1351,10/18/2021,11/2/2025,Active
4,790,Personal,34456.99,0.167,3/1/2025,8/18/2024,Paid
5,863,Auto,43769.16,0.0468,6/15/2022,1/13/2021,Paid
6,620,Auto,10082.99,0.0694,11/18/2025,12/3/2021,Defaulted
7,275,Personal,16446.22,0.0684,5/16/2025,12/5/2020,Defaulted
8,451,Business,41314.52,0.1461,5/6/2019,6/28/2025,Active
9,194,Mortgage,37518.89,0.0537,3/24/2021,9/3/2024,Active
10,861,Personal,8027.92,0.0443,11/25/2023,8/12/2022,Defaulted
11,945,Personal,14272.8,0.1724,1/12/2019,6/4/2022,Active
12,445,Mortgage,10645.82,0.195,1/6/2022,1/19/2025,Defaulted
13,926,Personal,34541.91,0.2266,1/16/2020,12/3/2020,Defaulted
14,23,Personal,41639.6,0.235,12/15/2021,12/11/2021,Paid
15,58,Mortgage,22267.96,0.1245,5/26/2025,3/19/2024,Paid
16,786,Personal,48367.79,0.0628,11/3/2023,11/15/2024,Defaulted
17,273,Personal,26201.3,0.0812,2/12/2025,12/24/2021,Defaulted
18,573,Mortgage,31986.59,0.0411,7/10/2020,2/1/2023,Paid
19,834,Mortgage,32337.71,0.0883,9/28/2019,7/7/2022,Defaulted
20,932,Mortgage,13029.89,0.2468,10/10/2024,8/26/2024,Active
21,677,Personal,29858.56,0.0922,4/21/2019,8/31/2022,Paid
22,247,Mortgage,42208.82,0.0794,3/20/2018,10/20/2024,Active
23,484,Business,43528.8,0.2276,10/4/2023,8/12/2024,Defaulted
24,505,Mortgage,13137.55,0.1927,8/2/2021,3/26/2025,Paid
25,118,Mortgage,31366.31,0.1096,3/24/2020,10/4/2021,Paid
26,267,Mortgage,15911.87,0.0225,8/26/2025,12/29/2024,Defaulted
27,928,Auto,37242.7,0.174,9/26/2023,12/1/2022,Active
28,123,Business,9291.53,0.2103,8/23/2020,5/22/2020,Paid
29,220,Mortgage,29488.71,0.0673,12/22/2019,12/5/2023,Defaulted
30,337,Business,40315.82,0.1174,12/25/2020,1/10/2022,Active
31,424,Personal,47405.19,0.0224,3/1/2025,7/15/2021,Active
32,692,Mortgage,25018.38,0.1562,5/6/2025,9/4/2025,Paid
33,19,Mortgage,10831.41,0.1042,5/19/2024,3/12/2024,Paid
34,220,Business,48532.26,0.0782,1/18/2023,9/1/2023,Defaulted
35,996,Mortgage,34743.01,0.0288,3/1/2025,4/23/2022,Defaulted
36,116,Personal,24984.07,0.1839,8/8/2019,7/4/2020,Active
37,80,Mortgage,24027.9,0.1365,3/17/2024,6/14/2022,Defaulted
38,476,Auto,11252.86,0.1635,10/30/2024,5/7/2021,Active
39,648,Business,11371.14,0.2387,3/29/2025,12/19/2021,Active
40,910,Mortgage,39424.78,0.1155,10/17/2023,4/27/2020,Defaulted
41,914,Mortgage,41340.42,0.0182,4/15/2024,11/10/2023,Defaulted
42,309,Mortgage,47926.06,0.0922,1/11/2021,11/25/2020,Paid
43,765,Business,20841.31,0.1339,4/1/2018,3/3/2024,Paid
44,167,Business,7031.67,0.0803,8/31/2020,8/2/2024,Active
45,486,Business,46043.31,0.1865,11/7/2025,8/22/2023,Paid
46,31,Auto,34288.75,0.1817,3/3/2023,11/17/2022,Defaulted
47,485,Business,45505.86,0.206,4/14/2022,1/19/2022,Defaulted
48,331,Personal,7894.18,0.1977,8/23/2020,2/23/2025,Defaulted
49,532,Auto,9315.46,0.0141,9/15/2020,5/2/2025,Active
50,258,Auto,24899.57,0.0532,3/20/2021,5/17/2023,Paid
51,807,Personal,33190.98,0.0287,10/6/2022,10/2/2025,Defaulted
52,113,Mortgage,46718.35,0.099,9/13/2018,5/26/2025,Active
53,149,Auto,38278.59,0.1804,6/1/2018,12/17/2023,Paid
54,354,Business,34876.2,0.0275,3/15/2024,8/23/2024,Active
55,388,Auto,11195.24,0.0267,4/8/2020,12/14/2020,Paid
56,966,Business,34023.08,0.1957,1/11/2025,7/11/2023,Active
57,303,Business,28871,0.1249,9/23/2018,4/20/2024,Defaulted
58,751,Business,39973.33,0.1084,1/31/2018,8/7/2022,Active
59,715,Mortgage,17290.77,0.1101,1/28/2019,5/27/2021,Defaulted
60,592,Mortgage,13107.34,0.0494,4/28/2024,4/24/2022,Paid
61,520,Mortgage,11521.94,0.0139,5/20/2024,2/23/2025,Active
62,208,Auto,23028.11,0.0208,10/16/2024,7/9/2025,Active
63,75,Auto,15570.9,0.2461,10/18/2022,1/21/2025,Paid
64,683,Personal,33618.28,0.1044,1/1/2022,5/24/2025,Paid
65,39,Personal,39470.06,0.153,3/17/2020,7/25/2020,Active
66,795,Business,49123.92,0.1331,11/19/2021,6/24/2021,Paid
67,552,Mortgage,31415.47,0.2351,4/24/2024,8/20/2024,Defaulted
68,934,Mortgage,38286.21,0.0647,2/13/2024,3/12/2024,Active
69,969,Mortgage,36429.94,0.0145,10/9/2025,5/8/2023,Active
70,30,Auto,45961.46,0.1129,8/28/2018,1/25/2022,Paid
71,555,Personal,47116.46,0.0672,2/25/2018,10/22/2024,Active
72,79,Business,28487.62,0.0651,10/11/2024,4/2/2025,Defaulted
73,963,Auto,28530.92,0.0378,5/6/2019,7/10/2023,Defaulted
74,984,Mortgage,10753.22,0.0187,11/25/2024,2/10/2020,Defaulted
75,350,Personal,49861.48,0.2357,11/30/2024,5/25/2022,Defaulted
76,482,Mortgage,49865.25,0.0493,10/20/2024,12/15/2021,Defaulted
77,348,Personal,32474.24,0.2069,9/24/2021,4/25/2021,Active
78,966,Auto,48467.5,0.1704,8/21/2025,2/26/2023,Paid
79,400,Personal,22146.37,0.2414,1/15/2021,10/29/2021,Paid
80,672,Business,28188.2,0.195,6/18/2018,7/30/2021,Paid
81,45,Mortgage,9033.09,0.0329,2/9/2022,7/28/2025,Defaulted
82,654,Personal,46683.01,0.1637,4/4/2023,2/22/2025,Defaulted
83,244,Mortgage,15918.95,0.1031,12/3/2025,7/6/2022,Active
84,640,Mortgage,9519.28,0.188,2/19/2024,1/27/2024,Paid
85,482,Business,26088.49,0.0904,12/24/2025,1/16/2025,Defaulted
86,611,Mortgage,6044.95,0.0602,4/13/2025,3/17/2021,Defaulted
87,366,Personal,25889.41,0.1843,11/25/2025,3/24/2021,Defaulted
88,763,Personal,26324.91,0.0319,4/30/2018,10/6/2024,Defaulted
89,755,Auto,27930.11,0.0889,8/6/2024,7/13/2024,Defaulted
90,475,Personal,35712.61,0.2176,11/8/2021,9/24/2025,Active
91,765,Personal,43330.99,0.2055,1/15/2020,12/31/2024,Paid
92,139,Personal,21231.26,0.0589,9/6/2025,12/8/2022,Paid
93,118,Personal,22402.48,0.0856,7/10/2018,2/12/2021,Active
94,690,Mortgage,8999.99,0.2397,2/24/2024,8/10/2020,Active
95,563,Business,21664.72,0.1406,2/28/2020,5/15/2025,Active
96,658,Personal,48011.36,0.0905,8/23/2022,4/3/2025,Paid
97,574,Personal,42965.7,0.0789,4/12/2021,7/10/2024,Active
98,624,Personal,23923.21,0.0987,1/13/2018,12/20/2020,Defaulted
99,530,Business,22341.18,0.194,4/5/2024,7/12/2024,Defaulted
100,516,Personal,17769.86,0.1953,3/19/2019,4/28/2021,Active
101,594,Business,28096.03,0.1755,12/4/2020,2/11/2022,Active
102,547,Business,33701.66,0.1867,10/16/2021,8/18/2022,Paid
103,158,Business,32684.38,0.0957,12/29/2023,8/26/2025,Active
104,345,Auto,31901.7,0.1626,6/29/2021,7/22/2021,Active
105,446,Auto,27569.93,0.2214,12/20/2023,10/24/2024,Active
106,162,Personal,13804.43,0.1106,7/23/2020,5/9/2024,Defaulted
107,901,Business,8233.8,0.0634,1/1/2021,5/23/2024,Active
108,187,Auto,47527.25,0.2362,7/16/2018,8/3/2025,Paid
109,490,Personal,7087.02,0.0211,4/21/2018,7/26/2020,Paid
110,448,Personal,5127.9,0.1127,2/21/2019,9/24/2022,Active
111,553,Business,32019.83,0.0246,4/3/2024,11/26/2025,Defaulted
112,960,Mortgage,38738.99,0.0479,12/8/2025,7/16/2025,Paid
113,959,Auto,40597.92,0.2251,4/18/2023,12/29/2024,Defaulted
114,818,Business,13761.09,0.2175,10/24/2019,11/23/2024,Active
115,903,Mortgage,31687.56,0.1872,11/22/2021,8/29/2021,Defaulted
116,455,Mortgage,6832.91,0.0937,8/20/2025,11/15/2024,Paid
117,366,Personal,19190.77,0.1106,12/8/2025,4/11/2023,Active
118,553,Business,13951.77,0.1413,10/12/2021,5/14/2020,Active
119,100,Personal,43661.88,0.0592,7/3/2025,1/23/2022,Defaulted
120,90,Mortgage,47149.9,0.0335,1/3/2019,4/6/2023,Active
121,8,Mortgage,37878.16,0.0822,4/1/2020,10/7/2024,Active
122,108,Auto,28260.05,0.175,7/10/2024,1/10/2020,Active
123,837,Business,31362.91,0.2307,4/13/2019,12/24/2023,Defaulted
124,675,Personal,47492.46,0.1008,1/15/2020,2/11/2023,Defaulted
125,681,Personal,45967.06,0.1471,12/17/2021,7/4/2021,Paid
126,410,Personal,18962.2,0.1065,5/19/2022,7/15/2021,Paid
127,820,Mortgage,21529.45,0.085,6/28/2020,7/27/2021,Active
128,65,Mortgage,23915.8,0.083,9/8/2022,11/30/2020,Defaulted
129,729,Auto,49056.88,0.0449,7/15/2019,12/1/2022,Defaulted
130,867,Business,27714.03,0.0787,11/7/2024,4/6/2024,Active
131,612,Auto,9087.46,0.2268,6/6/2025,6/5/2020,Defaulted
132,883,Personal,26118.95,0.0481,5/19/2021,2/16/2023,Defaulted
133,405,Auto,28280.65,0.078,1/22/2019,1/1/2024,Defaulted
134,692,Business,26825.17,0.148,9/28/2021,1/8/2025,Defaulted
135,754,Auto,28027.38,0.1539,10/4/2018,7/23/2025,Paid
136,587,Personal,24869.55,0.2138,6/5/2021,8/28/2024,Defaulted
137,633,Business,34615.06,0.1501,4/16/2025,1/19/2022,Defaulted
138,263,Personal,5704.57,0.118,11/12/2024,5/22/2025,Active
139,28,Mortgage,33953.28,0.0737,4/4/2025,7/7/2021,Defaulted
140,367,Auto,28520.47,0.177,12/13/2020,9/14/2024,Active
141,101,Personal,39498.75,0.1374,4/4/2020,4/11/2025,Defaulted
142,352,Auto,12014.46,0.2031,8/29/2023,6/29/2023,Defaulted
143,894,Mortgage,41892.13,0.0455,4/19/2024,9/19/2024,Paid
144,121,Business,25096.15,0.1267,6/17/2021,2/26/2025,Defaulted
145,681,Personal,34262.06,0.1854,12/31/2020,4/2/2021,Active
146,607,Personal,35940.12,0.0775,6/27/2021,8/23/2020,Paid
147,9,Personal,14782.58,0.0667,3/1/2019,7/21/2023,Active
148,559,Personal,34944.42,0.1616,12/8/2023,7/25/2023,Defaulted
149,347,Personal,5310.67,0.2274,7/1/2020,12/25/2024,Paid
150,266,Personal,16812.05,0.1287,6/13/2018,1/7/2022,Defaulted
151,187,Business,33329.69,0.0659,9/25/2018,11/14/2023,Defaulted
152,975,Mortgage,26144.28,0.0739,2/5/2019,5/14/2022,Paid
153,133,Personal,18837.69,0.1549,1/25/2023,6/16/2023,Defaulted
154,949,Auto,13748.62,0.2036,6/4/2020,4/21/2021,Defaulted
155,153,Auto,6964.57,0.2266,1/8/2024,11/26/2021,Active
156,561,Personal,7928.43,0.1672,4/1/2020,3/4/2025,Active
157,770,Personal,22201.55,0.1811,9/13/2019,2/11/2025,Active
158,323,Mortgage,43885.23,0.0464,11/10/2021,9/6/2021,Paid
159,224,Auto,13864.11,0.1044,5/12/2020,9/23/2024,Paid
160,283,Personal,32245.98,0.0876,1/10/2023,1/28/2021,Paid
161,766,Personal,15507.76,0.2025,12/24/2025,7/18/2023,Paid
162,784,Business,13054.03,0.2138,9/6/2023,12/21/2024,Paid
163,603,Auto,21949.29,0.2301,5/17/2024,10/30/2024,Paid
164,111,Personal,39770.24,0.0742,9/22/2024,7/2/2023,Paid
165,275,Business,17580.93,0.0415,7/7/2021,10/29/2021,Active
166,150,Mortgage,42144.49,0.0622,4/22/2025,3/19/2021,Active
167,92,Auto,33769.71,0.1626,8/12/2024,2/17/2022,Defaulted
168,949,Business,39066.47,0.0677,9/13/2021,6/28/2023,Active
169,1,Mortgage,10692.07,0.1983,8/13/2018,5/4/2025,Defaulted
170,621,Business,34909.02,0.1488,5/20/2022,6/9/2025,Defaulted
171,370,Personal,7681.37,0.1481,9/15/2023,4/5/2025,Defaulted
172,575,Mortgage,14502.27,0.1508,6/19/2018,6/4/2021,Active
173,7,Auto,31138.1,0.0634,1/12/2019,1/18/2025,Defaulted
174,60,Business,46829.26,0.0217,6/21/2020,1/2/2021,Defaulted
175,293,Auto,10526.78,0.2481,10/14/2020,3/30/2024,Active
176,751,Business,49334.4,0.0436,3/15/2018,12/27/2022,Paid
177,155,Business,18769.58,0.0797,1/29/2020,5/14/2024,Defaulted
178,10,Mortgage,40766.96,0.2345,5/9/2024,7/5/2025,Paid
179,109,Auto,48559.67,0.121,10/19/2021,3/8/2024,Defaulted
180,327,Mortgage,41700.15,0.1513,2/19/2019,6/26/2023,Defaulted
181,704,Personal,36824.12,0.2164,2/1/2025,9/20/2021,Active
182,964,Business,17997.18,0.1905,10/10/2021,10/5/2020,Active
183,72,Personal,21018.96,0.0562,8/12/2019,5/27/2020,Active
184,557,Auto,31281.77,0.0463,11/5/2020,5/21/2021,Defaulted
185,466,Business,7271.84,0.0451,2/22/2024,2/8/2021,Active
186,839,Auto,20188.75,0.2071,4/21/2022,12/8/2022,Paid
187,950,Auto,17168.95,0.1563,9/22/2019,3/2/2022,Active
188,680,Mortgage,5355.66,0.112,8/24/2022,9/8/2024,Paid
189,917,Personal,32137.76,0.0194,4/13/2024,1/14/2022,Active
190,22,Business,28933.92,0.1898,2/8/2025,6/22/2025,Paid
191,134,Business,6068.82,0.1485,12/2/2022,7/3/2021,Active
192,933,Personal,31590.08,0.174,9/7/2019,4/19/2021,Defaulted
193,849,Mortgage,16787.79,0.0322,1/18/2024,11/13/2025,Paid
194,506,Business,22664.72,0.0803,4/27/2020,9/28/2020,Paid
195,750,Personal,19883.15,0.1906,3/17/2020,12/13/2023,Active
196,603,Personal,47381.26,0.0588,12/17/2024,5/17/2021,Active
197,698,Mortgage,22148.55,0.1708,12/28/2019,2/20/2021,Paid
198,790,Mortgage,35943.29,0.0278,9/25/2023,1/6/2020,Active
199,520,Business,11104.53,0.0212,6/2/2025,5/22/2023,Paid
200,480,Personal,43934.74,0.1509,10/12/2023,11/16/2024,Defaulted
201,328,Business,22739.55,0.1695,4/25/2025,6/27/2022,Paid
202,603,Personal,11789.1,0.038,5/7/2025,10/4/2021,Defaulted
203,373,Mortgage,35502.91,0.069,2/24/2025,9/24/2021,Active
204,720,Personal,24861.51,0.0506,3/16/2021,11/29/2023,Active
205,457,Business,25798.02,0.2284,3/20/2024,10/22/2025,Paid
206,947,Business,32319.06,0.1112,5/13/2021,4/14/2023,Defaulted
207,664,Personal,48142.62,0.0498,10/12/2019,11/2/2022,Defaulted
208,348,Auto,22709.36,0.1682,11/25/2024,2/6/2021,Defaulted
209,97,Business,46943.99,0.2383,7/10/2024,1/9/2020,Active
210,860,Mortgage,42855.03,0.0499,1/27/2018,6/27/2024,Active
211,379,Personal,44680.29,0.1219,5/29/2024,10/3/2020,Defaulted
212,464,Mortgage,47357.96,0.2374,2/1/2023,8/7/2022,Paid
213,454,Business,18831.41,0.1687,12/30/2022,3/2/2025,Active
214,924,Mortgage,15090.88,0.0647,11/1/2023,12/18/2020,Defaulted
215,440,Auto,44650.35,0.1998,4/1/2020,11/26/2021,Active
216,53,Business,47942.36,0.2136,5/11/2022,1/16/2024,Paid
217,8,Mortgage,7375.61,0.1304,9/14/2022,10/24/2020,Defaulted
218,676,Mortgage,22065.5,0.2361,1/19/2025,7/29/2021,Active
219,483,Mortgage,16400.08,0.2245,7/19/2025,12/28/2021,Paid
220,278,Business,26510.66,0.1868,7/10/2020,6/24/2021,Paid
221,850,Auto,44958.66,0.1323,8/21/2019,3/4/2023,Paid
222,393,Mortgage,38736.96,0.1898,1/28/2021,1/28/2021,Paid
223,272,Business,7172.71,0.1516,10/27/2019,3/5/2023,Paid
224,547,Personal,17980.5,0.0174,3/3/2018,8/22/2024,Defaulted
225,897,Personal,8837.96,0.0382,3/17/2019,11/24/2023,Defaulted
226,10,Personal,18769.97,0.1317,12/1/2021,12/1/2024,Defaulted
227,453,Business,35519.25,0.013,12/29/2020,8/18/2025,Paid
228,678,Auto,21056.06,0.087,5/31/2023,12/23/2025,Active
229,311,Personal,37058.23,0.0201,3/27/2024,1/1/2024,Active
230,974,Personal,20773.7,0.1658,9/13/2020,6/5/2025,Defaulted
231,560,Mortgage,26728.57,0.1653,10/14/2024,4/23/2021,Defaulted
232,818,Auto,38423.06,0.1171,9/21/2023,11/15/2020,Defaulted
233,834,Auto,12949.99,0.104,2/23/2025,9/23/2023,Active
234,426,Auto,47198.54,0.1848,8/5/2018,10/19/2025,Active
235,241,Business,34507.07,0.104,1/28/2025,4/26/2020,Defaulted
236,459,Mortgage,8254.69,0.0338,5/15/2019,6/5/2024,Paid
237,772,Mortgage,46083.37,0.0139,4/25/2025,8/26/2022,Paid
238,944,Business,31404.19,0.0105,8/19/2018,6/30/2021,Defaulted
239,221,Mortgage,28369.53,0.2257,7/5/2025,8/18/2021,Paid
240,225,Auto,20254.77,0.0735,11/6/2021,3/2/2022,Paid
241,762,Mortgage,38302.84,0.0431,1/23/2023,12/1/2024,Active
242,513,Auto,19266.67,0.1065,2/28/2019,4/10/2025,Active
243,101,Mortgage,35718.22,0.047,3/1/2018,5/26/2023,Defaulted
244,58,Business,31163.74,0.155,2/8/2023,3/17/2024,Defaulted
245,292,Business,23631.36,0.0659,2/24/2025,4/13/2024,Active
246,454,Auto,5502.27,0.1018,12/28/2023,1/17/2022,Active
247,671,Mortgage,48892.23,0.1027,9/11/2018,10/31/2025,Active
248,161,Mortgage,44868.05,0.1691,8/4/2024,12/11/2022,Paid
249,92,Personal,40941.2,0.0757,6/9/2023,6/25/2021,Defaulted
250,592,Auto,47149.61,0.0597,3/17/2020,6/13/2024,Defaulted
251,773,Personal,32920.5,0.0182,3/14/2023,8/23/2020,Active
252,349,Auto,36411.21,0.1185,1/19/2018,12/3/2025,Paid
253,42,Personal,14259.19,0.1654,4/26/2018,12/27/2020,Defaulted
254,903,Personal,28432.82,0.0215,7/2/2024,8/12/2022,Active
255,318,Business,41827.11,0.0381,6/2/2020,10/6/2024,Paid
256,164,Personal,47020.25,0.2245,7/15/2020,12/9/2023,Defaulted
257,73,Auto,21873.34,0.0498,11/18/2018,5/25/2022,Defaulted
258,27,Mortgage,19605.17,0.2035,12/10/2025,4/19/2021,Defaulted
259,134,Mortgage,15965.2,0.0481,2/6/2022,1/9/2022,Paid
260,847,Mortgage,17311.78,0.1232,11/2/2019,4/25/2025,Active
261,431,Personal,40502.18,0.1668,11/4/2019,12/12/2020,Paid
262,308,Auto,23840.54,0.1735,8/28/2020,2/22/2022,Active
263,564,Personal,49576.11,0.1481,5/26/2019,1/7/2022,Defaulted
264,733,Business,39257.18,0.1664,11/14/2019,12/2/2021,Active
265,78,Business,46118.84,0.1562,2/5/2024,1/15/2021,Paid
266,618,Personal,40800.57,0.188,9/29/2018,6/24/2024,Defaulted
267,640,Mortgage,15656.56,0.2171,2/18/2023,1/27/2023,Paid
268,720,Auto,12513.08,0.1632,8/8/2020,7/2/2025,Paid
269,531,Business,30904.51,0.0609,6/16/2023,9/18/2025,Paid
270,722,Mortgage,37687.06,0.0878,5/17/2025,2/27/2023,Paid
271,702,Auto,33069.71,0.2009,7/13/2021,4/13/2023,Defaulted
272,121,Personal,30338.79,0.1582,1/22/2020,2/17/2024,Paid
273,123,Mortgage,18966.38,0.1825,9/12/2018,8/17/2022,Active
274,484,Personal,21564.55,0.1279,1/12/2024,3/12/2024,Defaulted
275,388,Mortgage,8110.66,0.1501,10/30/2024,7/22/2024,Active
276,307,Business,37820.06,0.1605,8/27/2018,8/27/2021,Defaulted
277,745,Business,45447.79,0.2274,12/25/2024,3/25/2021,Active
278,523,Personal,28060.47,0.1876,9/29/2024,7/19/2021,Defaulted
279,783,Mortgage,40940.07,0.2425,5/22/2022,7/27/2020,Defaulted
280,276,Personal,43728.95,0.1111,1/26/2018,7/20/2021,Active
281,85,Business,47854.36,0.1829,4/24/2018,4/27/2025,Active
282,437,Business,44956.1,0.1123,7/3/2025,2/11/2025,Defaulted
283,109,Personal,44297.99,0.1602,6/23/2025,2/16/2023,Defaulted
284,596,Business,27774.04,0.1564,12/6/2024,5/1/2025,Paid
285,236,Auto,33650.28,0.2453,2/17/2022,5/29/2021,Defaulted
286,649,Auto,27941.98,0.1213,11/15/2025,6/16/2024,Defaulted
287,433,Personal,19097.02,0.1184,11/8/2022,9/30/2023,Active
288,676,Auto,43357.16,0.0249,3/26/2020,3/10/2024,Paid
289,292,Mortgage,5682.45,0.0959,3/14/2025,5/20/2020,Paid
290,596,Auto,27051.79,0.0607,9/15/2020,1/4/2025,Active
291,285,Mortgage,35767.71,0.1468,9/16/2021,7/7/2022,Defaulted
292,623,Mortgage,39609.93,0.0483,5/11/2023,6/14/2022,Paid
293,224,Business,29991.04,0.1536,6/25/2023,6/2/2022,Paid
294,695,Personal,34534.21,0.1395,3/12/2022,10/21/2022,Active
295,712,Auto,27728.86,0.165,4/4/2023,3/29/2025,Active
296,635,Business,35386.48,0.0225,5/10/2019,10/20/2020,Defaulted
297,262,Auto,49197.97,0.0674,8/17/2025,8/20/2025,Active
298,349,Mortgage,45298.62,0.069,7/31/2021,1/12/2021,Paid
299,306,Personal,16611.96,0.0766,3/26/2025,3/24/2021,Defaulted
300,177,Personal,5233.46,0.0215,9/22/2023,8/9/2020,Defaulted
301,94,Personal,32596.9,0.08,1/24/2025,11/5/2021,Paid
302,57,Auto,38467.14,0.1272,11/6/2025,10/28/2020,Active
303,868,Auto,16966.01,0.1306,4/17/2019,8/29/2021,Defaulted
304,861,Personal,46951.93,0.0735,1/29/2020,5/14/2025,Paid
305,113,Personal,20113.17,0.1229,12/19/2018,10/11/2025,Paid
306,28,Personal,17372.07,0.2348,8/20/2019,12/14/2022,Defaulted
307,30,Personal,37414.66,0.1583,5/29/2019,8/5/2020,Defaulted
308,617,Business,30450.36,0.0116,7/7/2020,11/10/2021,Active
309,764,Auto,47881.91,0.1527,9/13/2018,6/30/2023,Active
310,417,Mortgage,41758.22,0.0372,4/13/2019,4/30/2020,Defaulted
311,337,Personal,37913.13,0.0373,5/7/2021,4/12/2020,Defaulted
312,187,Personal,47386.6,0.0556,9/8/2024,4/10/2021,Defaulted
313,110,Mortgage,14132.58,0.1993,10/25/2018,6/10/2021,Active
314,442,Personal,20209.57,0.1105,3/2/2019,1/29/2022,Active
315,327,Personal,9447.6,0.1191,1/2/2019,11/8/2025,Defaulted
316,523,Auto,44475.82,0.0234,2/2/2021,7/27/2020,Defaulted
317,19,Personal,29342.79,0.095,6/16/2021,6/10/2022,Paid
318,199,Business,36461.53,0.2168,3/24/2022,12/6/2025,Defaulted
319,137,Mortgage,9945.35,0.1579,7/16/2024,11/2/2024,Paid
320,390,Mortgage,13158.57,0.1501,9/5/2019,6/14/2020,Defaulted
321,692,Auto,26677.84,0.2192,9/14/2025,6/7/2020,Defaulted
322,55,Personal,23135.94,0.0266,12/2/2020,4/15/2024,Paid
323,897,Personal,38183.53,0.1723,3/13/2025,6/23/2023,Active
324,723,Auto,18055.45,0.0211,4/1/2018,6/4/2023,Paid
325,58,Mortgage,39492.26,0.0541,5/23/2020,12/9/2025,Defaulted
326,671,Auto,30560.64,0.0578,10/19/2021,2/24/2025,Defaulted
327,544,Auto,13225.46,0.2296,8/9/2025,7/13/2021,Paid
328,972,Auto,44202.03,0.1886,5/16/2023,4/24/2024,Defaulted
329,198,Auto,41536.6,0.1214,4/1/2018,11/26/2025,Paid
330,316,Personal,47066.05,0.2446,3/12/2021,10/28/2025,Paid
331,318,Mortgage,44257.56,0.2025,4/5/2021,3/7/2023,Paid
332,118,Business,39251.61,0.0457,5/1/2020,11/3/2022,Defaulted
333,364,Personal,28834.97,0.126,2/23/2019,1/9/2022,Paid
334,825,Business,46119.53,0.1178,10/31/2023,8/30/2024,Active
335,791,Mortgage,12573.61,0.1324,11/1/2021,6/24/2022,Defaulted
336,710,Business,43533.67,0.1054,3/25/2020,8/18/2025,Paid
337,34,Personal,30397.78,0.0556,3/2/2024,5/13/2024,Defaulted
338,161,Mortgage,41876.7,0.0573,9/2/2024,8/6/2024,Paid
339,660,Business,11423.72,0.2154,7/7/2025,8/14/2023,Defaulted
340,711,Auto,37239.91,0.0744,7/28/2018,7/28/2025,Paid
341,29,Auto,22722.72,0.2082,9/29/2020,11/20/2022,Defaulted
342,685,Auto,42919.73,0.2403,6/21/2022,6/15/2020,Active
343,479,Business,46371.15,0.0656,12/27/2019,4/15/2022,Paid
344,360,Mortgage,34740.95,0.189,5/27/2020,8/14/2022,Defaulted
345,720,Business,8524.94,0.0535,9/14/2023,12/28/2022,Paid
346,233,Auto,26396.82,0.0737,9/2/2023,3/13/2021,Paid
347,93,Personal,42761.21,0.0168,7/29/2020,10/14/2020,Paid
348,274,Business,32111.76,0.0804,5/3/2019,6/1/2020,Defaulted
349,617,Personal,25623.5,0.1317,10/3/2021,2/25/2025,Paid
350,198,Auto,30396.39,0.028,9/7/2020,5/24/2024,Active
351,803,Personal,21874.67,0.0715,8/19/2023,2/12/2020,Defaulted
352,598,Mortgage,17979.47,0.0174,12/20/2024,3/22/2025,Paid
353,801,Personal,17150.92,0.1994,4/23/2021,10/8/2024,Paid
354,203,Mortgage,9397.53,0.1626,4/8/2018,12/11/2024,Defaulted
355,77,Mortgage,21989.65,0.0459,2/8/2022,2/12/2022,Defaulted
356,608,Mortgage,42649.46,0.0553,4/3/2023,9/2/2023,Paid
357,130,Mortgage,6449.03,0.0277,8/4/2025,7/4/2022,Defaulted
358,512,Mortgage,26333.84,0.0664,10/15/2018,7/12/2022,Paid
359,424,Personal,22983.59,0.0469,5/26/2024,11/23/2024,Active
360,776,Auto,40369.37,0.1871,8/10/2018,9/26/2022,Paid
361,972,Mortgage,47646.53,0.0745,6/6/2023,3/26/2021,Active
362,251,Personal,10624.32,0.1855,10/1/2020,2/16/2024,Defaulted
363,792,Business,48340.34,0.1598,11/18/2019,10/26/2024,Active
364,885,Business,27437.66,0.1912,11/16/2018,2/15/2022,Defaulted
365,372,Auto,20819.73,0.2052,4/2/2021,9/26/2023,Defaulted
366,470,Mortgage,45274.22,0.1541,12/26/2020,4/30/2022,Defaulted
367,154,Business,9653.64,0.1084,3/17/2023,3/8/2025,Paid
368,162,Auto,43848.65,0.2391,8/6/2025,12/19/2020,Active
369,808,Personal,26999.33,0.1877,4/13/2023,10/17/2022,Paid
370,546,Business,48767.39,0.1462,8/19/2024,10/23/2023,Paid
371,653,Business,31453.33,0.1904,9/20/2019,3/10/2022,Defaulted
372,931,Business,25271.43,0.0659,12/28/2019,5/7/2025,Paid
373,188,Personal,47980.33,0.0608,4/2/2023,9/17/2023,Paid
374,563,Business,32925.37,0.014,7/2/2018,5/29/2024,Active
375,793,Business,18049.35,0.2286,5/25/2022,3/5/2022,Active
376,916,Auto,12726.42,0.0452,4/25/2022,4/5/2020,Defaulted
377,514,Personal,40296.02,0.0626,3/3/2022,1/1/2020,Defaulted
378,328,Personal,34051.9,0.0876,4/8/2023,7/5/2022,Active
379,675,Personal,39519.93,0.2319,12/8/2020,1/8/2022,Defaulted
380,369,Business,40970.77,0.1544,12/22/2019,8/24/2022,Defaulted
381,422,Auto,21186.28,0.1618,4/16/2018,1/19/2025,Defaulted
382,453,Business,42364.35,0.0184,6/27/2024,7/18/2020,Paid
383,476,Business,31124.55,0.0188,1/9/2018,5/15/2025,Paid
384,946,Personal,33413.31,0.0977,8/5/2019,12/2/2020,Paid
385,806,Auto,44370.19,0.1118,10/20/2024,12/14/2022,Active
386,638,Mortgage,32282.26,0.0941,6/30/2021,6/9/2020,Defaulted
387,696,Auto,29374.65,0.1162,3/21/2019,1/3/2025,Defaulted
388,571,Mortgage,28426.08,0.0491,1/20/2019,1/21/2025,Active
389,155,Mortgage,7894.77,0.2213,1/27/2018,3/2/2025,Defaulted
390,341,Personal,31607.11,0.0611,10/5/2024,1/13/2024,Active
391,78,Personal,6369.7,0.2128,1/19/2019,6/21/2024,Defaulted
392,797,Business,43358.65,0.1912,5/25/2022,11/11/2023,Defaulted
393,429,Mortgage,39305.89,0.0319,9/1/2024,1/16/2022,Active
394,432,Mortgage,42984.18,0.0589,10/25/2022,8/8/2021,Active
395,830,Auto,17610.76,0.1683,6/3/2020,9/6/2021,Defaulted
396,572,Mortgage,29311.28,0.1339,9/28/2022,10/19/2025,Defaulted
397,252,Auto,22008.58,0.1502,11/25/2019,12/14/2023,Paid
398,303,Business,49689.42,0.1454,11/27/2023,8/26/2022,Paid
399,2,Auto,20203.91,0.161,6/25/2021,3/22/2021,Active
400,139,Auto,13667.31,0.073,12/3/2018,6/23/2023,Paid
401,340,Personal,29727.48,0.0439,3/24/2019,12/7/2022,Active
402,38,Business,8944.77,0.1954,12/8/2019,8/23/2024,Paid
403,193,Mortgage,42038.51,0.2229,11/24/2022,2/23/2021,Paid
404,9,Mortgage,38644.71,0.1878,4/24/2018,4/19/2021,Defaulted
405,882,Mortgage,22769.79,0.174,8/21/2019,8/31/2025,Defaulted
406,730,Mortgage,17709.73,0.1424,4/21/2024,8/6/2023,Defaulted
407,692,Personal,7917.85,0.1934,12/27/2024,1/10/2022,Paid
408,136,Mortgage,46905.61,0.0542,9/9/2018,2/5/2021,Defaulted
409,753,Auto,40675.49,0.0929,11/30/2024,10/20/2025,Defaulted
410,791,Business,25946.83,0.1472,6/9/2020,6/5/2024,Paid
411,483,Personal,32677.34,0.0479,12/14/2018,7/14/2025,Active
412,712,Auto,46455.24,0.1429,6/13/2020,10/19/2022,Defaulted
413,545,Business,39153.42,0.0624,8/11/2025,1/20/2022,Defaulted
414,810,Auto,23987.94,0.0367,8/13/2025,12/21/2025,Defaulted
415,468,Personal,28797.52,0.2035,6/3/2021,12/18/2020,Paid
416,675,Personal,10961.37,0.0828,6/13/2023,5/28/2023,Active
417,247,Business,16615.32,0.0568,12/18/2020,1/16/2025,Paid
418,181,Personal,6645.59,0.2383,12/5/2020,10/4/2020,Paid
419,906,Mortgage,8841.18,0.1233,9/23/2023,11/23/2021,Defaulted
420,980,Personal,7834.85,0.0514,1/14/2018,10/7/2025,Defaulted
421,283,Personal,10784.13,0.1097,9/19/2020,6/3/2025,Defaulted
422,501,Auto,21283.5,0.1143,10/5/2020,1/11/2021,Active
423,474,Business,30217.61,0.1538,3/23/2022,12/9/2022,Defaulted
424,617,Personal,18370.85,0.0839,2/7/2020,8/12/2021,Defaulted
425,430,Auto,40404.41,0.1949,2/7/2021,2/7/2025,Paid
426,148,Personal,8425.61,0.1389,12/23/2018,2/25/2021,Active
427,742,Business,5334.52,0.0356,4/18/2023,4/3/2020,Defaulted
428,351,Personal,44089.24,0.1431,3/6/2025,2/1/2022,Active
429,780,Mortgage,18066.77,0.0416,12/15/2018,9/6/2025,Defaulted
430,45,Personal,44810.77,0.132,3/2/2020,3/14/2021,Active
431,452,Auto,16115.89,0.091,8/15/2020,9/22/2021,Defaulted
432,820,Mortgage,13341.68,0.0249,6/11/2022,7/30/2020,Active
433,606,Auto,25033.7,0.1262,9/20/2020,4/30/2025,Paid
434,364,Business,30015.69,0.1873,8/14/2025,2/17/2024,Active
435,739,Auto,36084.82,0.087,7/17/2025,1/29/2025,Defaulted
436,495,Auto,6547.97,0.2412,7/24/2020,8/8/2020,Active
437,819,Mortgage,17943.84,0.1109,3/29/2021,11/26/2020,Paid
438,239,Auto,17432.84,0.0609,5/25/2018,7/14/2024,Defaulted
439,90,Business,12195.44,0.0599,7/14/2020,1/6/2025,Defaulted
440,357,Personal,44919.75,0.1716,1/23/2025,7/5/2022,Active
441,578,Mortgage,26194.5,0.1721,10/1/2024,6/15/2020,Active
442,155,Business,27065.82,0.1349,9/6/2025,11/28/2023,Active
443,638,Auto,8530.16,0.1988,10/4/2022,8/2/2024,Active
444,761,Auto,25875.68,0.1523,9/16/2021,2/4/2020,Defaulted
445,682,Auto,29996.89,0.1241,7/10/2018,1/23/2024,Active
446,840,Personal,12059.97,0.1164,3/25/2024,4/6/2020,Defaulted
447,54,Personal,24089.58,0.0386,10/16/2022,12/18/2025,Active
448,255,Auto,49908.9,0.145,6/30/2021,7/22/2022,Defaulted
449,211,Business,16845.18,0.1697,6/9/2022,9/21/2020,Paid
450,43,Personal,32251.13,0.1702,1/16/2020,7/6/2020,Defaulted
451,107,Mortgage,9098.97,0.2468,6/6/2018,11/9/2021,Active
452,457,Mortgage,42604.62,0.1583,7/23/2021,2/18/2025,Paid
453,615,Mortgage,25486.36,0.2404,6/16/2020,5/12/2022,Active
454,478,Mortgage,7134.52,0.0295,10/30/2018,9/19/2023,Paid
455,252,Auto,20180.09,0.1714,9/10/2020,4/7/2024,Active
456,253,Personal,32629.39,0.1576,3/15/2022,1/13/2020,Defaulted
457,787,Mortgage,28034.82,0.0789,12/11/2019,8/9/2025,Paid
458,704,Personal,17724.12,0.1178,10/5/2021,4/7/2023,Paid
459,519,Auto,27523.65,0.041,12/8/2021,2/8/2024,Paid
460,785,Business,37783.29,0.1069,9/25/2018,8/2/2022,Active
461,470,Auto,12631.01,0.1052,6/8/2025,1/12/2024,Active
462,903,Personal,44886.71,0.2021,5/31/2024,8/29/2020,Paid
463,140,Auto,44834.05,0.0872,4/13/2021,4/3/2024,Active
464,534,Auto,33586.62,0.1563,9/16/2025,2/13/2022,Defaulted
465,841,Business,34675.18,0.2166,7/21/2025,10/29/2024,Active
466,287,Business,22126.76,0.1662,8/30/2018,12/12/2021,Active
467,325,Business,46135.69,0.0269,11/26/2020,2/27/2020,Defaulted
468,503,Personal,42088.1,0.0481,8/24/2021,6/25/2023,Paid
469,265,Business,32059.05,0.2206,8/23/2023,5/11/2025,Defaulted
470,976,Mortgage,8099.16,0.2292,11/8/2023,1/17/2022,Defaulted
471,548,Personal,15518.63,0.0588,10/1/2020,3/11/2025,Paid
472,271,Mortgage,34634.82,0.1616,2/10/2019,12/17/2022,Active
473,340,Business,6597.19,0.1513,10/4/2018,5/10/2023,Paid
474,235,Auto,26908.38,0.019,2/14/2022,4/17/2020,Defaulted
475,200,Mortgage,33782.12,0.1216,11/14/2025,6/9/2024,Paid
476,594,Personal,35490.94,0.0209,10/4/2020,1/22/2020,Defaulted
477,227,Business,47252.33,0.1155,11/21/2019,12/5/2025,Paid
478,777,Mortgage,15521.37,0.1652,7/15/2019,12/16/2023,Active
479,352,Mortgage,9114.31,0.0404,12/1/2024,5/27/2020,Active
480,128,Auto,15741.64,0.1706,1/23/2023,12/20/2021,Paid
481,977,Auto,13933.63,0.2366,9/18/2018,11/24/2024,Paid
482,358,Mortgage,6864.46,0.0823,2/25/2024,4/20/2023,Active
483,416,Auto,46829.72,0.2238,3/15/2019,8/11/2021,Active
484,679,Personal,26435.94,0.1977,3/27/2019,3/22/2022,Active
485,770,Personal,16928.43,0.1105,11/10/2022,5/5/2022,Paid
486,772,Personal,41128.66,0.118,5/12/2020,2/27/2024,Paid
487,882,Business,31175.64,0.0691,4/27/2025,11/11/2024,Defaulted
488,372,Business,44065.09,0.0742,1/17/2020,1/8/2024,Paid
489,182,Auto,30609.92,0.14,6/2/2023,10/15/2025,Active
490,541,Personal,27068.53,0.2484,11/9/2024,1/1/2021,Paid
491,66,Auto,39867.48,0.0171,7/20/2019,10/31/2021,Defaulted
492,314,Personal,8294.51,0.1291,3/27/2022,9/16/2021,Defaulted
493,305,Mortgage,31679.39,0.053,7/10/2022,6/15/2025,Paid
494,118,Personal,23808.91,0.1003,1/22/2025,11/3/2024,Defaulted
495,340,Business,33743.74,0.1642,2/8/2024,3/9/2024,Active
496,325,Auto,49888.49,0.1679,2/9/2024,2/22/2024,Active
497,531,Auto,40219.59,0.0847,7/12/2025,6/5/2022,Active
498,807,Auto,33685.5,0.239,7/2/2020,12/30/2020,Paid
499,755,Auto,36887.88,0.1288,4/8/2025,9/20/2024,Active
500,262,Mortgage,29550.75,0.0419,6/17/2021,4/10/2021,Paid
501,824,Business,40017.9,0.2069,4/23/2023,10/12/2020,Defaulted
502,855,Business,29084.74,0.2366,7/12/2020,10/1/2025,Active
503,908,Personal,14418.3,0.2417,9/13/2019,5/9/2022,Active
504,573,Auto,23989.34,0.0827,6/13/2020,2/7/2022,Active
505,444,Mortgage,40083.9,0.1073,12/18/2023,7/23/2020,Active
506,389,Personal,41173.13,0.1443,7/13/2024,1/30/2024,Defaulted
507,599,Personal,8667.55,0.1336,9/12/2023,6/12/2020,Active
508,320,Business,49003.04,0.0989,12/2/2024,11/8/2021,Active
509,113,Auto,38538.6,0.0827,11/21/2020,8/19/2024,Active
510,260,Personal,8265.92,0.2177,8/23/2024,1/26/2024,Active
511,434,Personal,30858.37,0.1479,2/13/2024,2/8/2020,Defaulted
512,824,Business,25018.16,0.0196,8/15/2022,8/3/2024,Paid
513,783,Business,31111.35,0.2177,2/4/2019,9/29/2020,Defaulted
514,233,Personal,13567.57,0.1328,4/24/2018,11/21/2021,Paid
515,137,Auto,40568.52,0.1643,3/11/2022,8/6/2023,Active
516,333,Auto,48141.46,0.2191,6/15/2021,8/16/2022,Active
517,404,Business,32303.27,0.0601,1/19/2024,5/30/2022,Active
518,959,Auto,34448.13,0.1099,5/28/2018,2/16/2020,Paid
519,555,Business,37211.23,0.0836,2/27/2018,3/17/2020,Active
520,850,Auto,42686.29,0.1997,7/28/2021,8/4/2024,Paid
521,569,Personal,26053.09,0.1187,4/30/2025,3/30/2023,Active
522,996,Business,27367.17,0.1627,3/8/2021,3/27/2021,Defaulted
523,921,Mortgage,12868.21,0.148,3/31/2020,8/6/2020,Paid
524,588,Business,34941.97,0.2074,11/1/2024,4/2/2022,Defaulted
525,230,Auto,20309.01,0.098,9/20/2024,10/14/2023,Paid
526,978,Personal,35488.51,0.1042,10/8/2019,5/20/2025,Defaulted
527,666,Mortgage,24400.22,0.1589,3/3/2022,3/26/2025,Active
528,461,Business,21830.91,0.206,5/31/2023,12/13/2021,Paid
529,292,Personal,19654.09,0.0979,9/9/2025,6/11/2025,Paid
530,152,Auto,26322.92,0.1868,4/4/2022,10/27/2021,Active
531,296,Mortgage,22097.94,0.1505,12/22/2022,7/17/2020,Paid
532,44,Business,6716.9,0.1477,8/14/2020,8/24/2025,Paid
533,61,Auto,34538.83,0.058,5/25/2020,9/5/2020,Paid
534,308,Mortgage,30524.52,0.2029,1/27/2020,7/8/2025,Active
535,48,Business,47706.65,0.135,9/17/2018,4/15/2020,Active
536,628,Mortgage,30515.25,0.1576,11/18/2024,2/21/2021,Active
537,969,Personal,35840.17,0.2066,5/21/2019,4/30/2023,Defaulted
538,213,Business,35900.48,0.0526,12/24/2020,7/8/2024,Paid
539,600,Personal,18379.28,0.1806,12/23/2025,7/15/2025,Active
540,681,Business,38862.55,0.2277,11/23/2018,3/10/2020,Defaulted
541,442,Business,32099.83,0.1203,5/17/2025,10/20/2021,Paid
542,590,Business,20501.43,0.1607,11/18/2024,8/17/2020,Active
543,796,Personal,28133.94,0.1081,3/22/2021,7/19/2025,Defaulted
544,869,Personal,43689.58,0.2223,10/13/2025,1/18/2021,Paid
545,290,Business,39216.76,0.1256,8/7/2018,10/9/2023,Active
546,288,Business,9492.39,0.0184,1/20/2021,1/31/2024,Active
547,566,Business,45265.96,0.2443,4/30/2024,8/31/2024,Active
548,759,Auto,41758.53,0.1303,1/20/2019,12/22/2023,Paid
549,982,Business,11894,0.2206,4/17/2019,4/4/2022,Paid
550,575,Personal,27311.58,0.237,11/17/2024,11/13/2021,Active
551,318,Personal,30979.32,0.1444,9/12/2024,11/21/2022,Paid
552,768,Mortgage,33417.58,0.0397,12/29/2020,5/14/2022,Active
553,300,Mortgage,45616.48,0.131,11/21/2020,10/26/2023,Paid
554,321,Auto,17400.8,0.0204,8/27/2019,2/28/2024,Active
555,445,Business,36826.92,0.1769,1/9/2019,8/20/2023,Active
556,674,Personal,31886.25,0.0729,8/27/2018,3/26/2022,Defaulted
557,364,Auto,37252.8,0.2119,8/16/2023,2/23/2024,Active
558,635,Personal,33988.93,0.2071,11/1/2018,5/12/2025,Paid
559,497,Mortgage,7388.89,0.0666,9/22/2025,10/8/2023,Paid
560,450,Auto,49798.52,0.0777,1/28/2025,6/23/2022,Active
561,294,Mortgage,23182.88,0.1731,3/12/2021,12/28/2025,Paid
562,860,Business,10840.71,0.0828,3/25/2024,11/23/2020,Defaulted
563,181,Auto,30511.1,0.1415,2/12/2019,5/4/2021,Paid
564,596,Auto,17403.3,0.0237,7/27/2025,12/13/2023,Defaulted
565,858,Auto,28410.91,0.1325,6/22/2020,9/11/2024,Active
566,538,Auto,23259.53,0.0739,4/20/2025,3/5/2022,Paid
567,117,Business,17462.74,0.1277,7/15/2021,12/30/2020,Active
568,161,Personal,25805.26,0.0366,2/25/2025,9/17/2021,Paid
569,934,Auto,42425.86,0.0702,4/23/2023,2/9/2025,Defaulted
570,864,Mortgage,9230.33,0.0217,8/16/2022,3/15/2022,Active
571,93,Personal,46618.85,0.0249,6/28/2023,3/10/2025,Active
572,516,Auto,14758.83,0.019,1/4/2018,10/7/2021,Active
573,136,Business,14994.66,0.1541,4/11/2019,9/10/2024,Paid
574,801,Auto,13085.13,0.2461,7/6/2020,7/16/2020,Defaulted
575,869,Mortgage,6467.12,0.1634,7/26/2018,8/18/2025,Paid
576,548,Business,43471.67,0.2339,4/26/2022,9/23/2024,Defaulted
577,635,Auto,24511.06,0.0265,4/23/2021,6/20/2021,Defaulted
578,386,Personal,16643.45,0.0199,12/5/2025,4/5/2025,Active
579,1,Mortgage,28440.64,0.0582,12/3/2019,4/29/2021,Defaulted
580,987,Business,32112.09,0.117,5/19/2021,1/5/2022,Paid
581,476,Auto,16244.55,0.0553,10/7/2025,11/18/2025,Paid
582,579,Mortgage,24782.61,0.0826,8/3/2024,1/24/2024,Active
583,265,Mortgage,38782.72,0.1393,7/16/2020,11/9/2022,Defaulted
584,621,Mortgage,9849.11,0.1593,4/7/2025,5/21/2022,Defaulted
585,155,Auto,32812.67,0.1608,10/6/2025,1/21/2020,Active
586,800,Business,47241.51,0.1683,9/23/2021,9/10/2024,Paid
587,983,Mortgage,36527.52,0.0204,10/2/2023,1/25/2021,Defaulted
588,991,Personal,28719.04,0.127,1/18/2018,1/6/2023,Paid
589,770,Business,31387.87,0.2349,9/21/2022,7/22/2023,Paid
590,225,Mortgage,16862.86,0.2179,1/9/2019,1/23/2025,Defaulted
591,742,Personal,16992.89,0.1861,7/19/2019,5/12/2025,Active
592,855,Auto,29815.51,0.1571,11/13/2019,10/19/2025,Active
593,380,Personal,24738.37,0.1851,4/3/2018,2/11/2021,Active
594,410,Auto,19793.54,0.1443,11/5/2020,2/12/2020,Defaulted
595,266,Mortgage,40345.57,0.1381,6/17/2020,11/11/2020,Active
596,723,Mortgage,48558.61,0.1656,3/26/2025,10/9/2025,Active
597,783,Business,33232.89,0.1403,8/22/2024,11/24/2025,Defaulted
598,594,Personal,36199.11,0.0551,8/13/2023,2/25/2021,Paid
599,48,Auto,24614.91,0.1851,4/1/2020,2/18/2020,Defaulted
600,729,Personal,39355.09,0.249,7/25/2018,2/27/2025,Active
601,460,Auto,14384.25,0.1708,7/4/2023,4/19/2021,Paid
602,387,Business,7420.4,0.1321,10/4/2018,12/4/2022,Active
603,277,Personal,35290.84,0.0811,7/2/2025,1/30/2021,Defaulted
604,749,Personal,30382.58,0.1874,12/28/2022,1/21/2025,Paid
605,325,Auto,24257.03,0.0351,10/3/2024,11/27/2025,Paid
606,400,Personal,28348.6,0.2172,3/27/2025,8/25/2024,Defaulted
607,85,Business,9634.82,0.0996,3/23/2025,7/16/2025,Defaulted
608,819,Mortgage,39035.7,0.1306,10/13/2024,2/3/2020,Active
609,248,Personal,42969.2,0.1596,6/15/2018,2/7/2024,Defaulted
610,848,Mortgage,17978.82,0.0852,6/20/2025,12/21/2024,Active
611,685,Personal,10640.76,0.1919,8/13/2018,8/15/2020,Paid
612,162,Auto,45681.68,0.1565,3/7/2022,2/24/2021,Active
613,559,Personal,47457.87,0.0244,8/26/2020,6/9/2023,Active
614,604,Personal,17153.69,0.0598,10/24/2020,11/12/2020,Paid
615,712,Auto,12076.82,0.1997,3/10/2025,8/20/2020,Active
616,791,Auto,44351.67,0.1631,9/23/2019,6/1/2023,Paid
617,798,Business,19187.99,0.1723,11/20/2021,2/22/2025,Paid
618,886,Mortgage,48150.91,0.2331,8/6/2018,9/28/2023,Defaulted
619,282,Auto,37366.38,0.2114,3/1/2018,12/27/2022,Defaulted
620,132,Personal,32480.68,0.069,8/3/2018,3/15/2023,Defaulted
621,951,Mortgage,12361.15,0.0108,6/23/2023,8/2/2025,Active
622,24,Auto,38053.05,0.1372,9/16/2024,1/29/2020,Paid
623,74,Personal,34974.27,0.0253,7/27/2025,10/11/2021,Defaulted
624,390,Personal,26005.04,0.0751,8/19/2024,1/6/2022,Paid
625,173,Mortgage,8317.94,0.1795,4/26/2020,1/9/2022,Defaulted
626,436,Business,31776.32,0.1714,10/12/2025,5/6/2024,Paid
627,930,Auto,39831.42,0.1856,7/18/2019,8/2/2020,Paid
628,671,Mortgage,48948.84,0.0555,11/29/2021,1/28/2021,Paid
629,734,Auto,48442.52,0.1731,7/12/2021,9/4/2024,Paid
630,555,Mortgage,17405.79,0.0653,5/2/2023,8/8/2021,Active
631,858,Mortgage,48262.07,0.0567,2/3/2018,7/1/2023,Active
632,630,Business,46138.53,0.0356,4/28/2021,6/14/2020,Active
633,370,Personal,18686.2,0.0542,9/9/2025,8/20/2020,Paid
634,703,Mortgage,48090.15,0.1263,9/30/2025,10/29/2020,Defaulted
635,53,Mortgage,10555.3,0.2463,2/15/2019,10/12/2022,Paid
636,703,Business,15276.71,0.1435,12/2/2023,10/12/2022,Paid
637,103,Business,39854.25,0.1674,1/25/2022,11/16/2023,Defaulted
638,787,Mortgage,38781.01,0.1072,11/24/2018,7/1/2022,Defaulted
639,760,Personal,17654.6,0.1659,2/21/2019,9/21/2022,Active
640,811,Auto,7370.5,0.0685,5/23/2018,9/22/2023,Defaulted
641,200,Business,16985.57,0.1589,1/12/2018,9/3/2023,Paid
642,222,Auto,24616.15,0.1411,4/2/2019,5/22/2022,Paid
643,466,Mortgage,33428.47,0.2121,5/3/2018,9/26/2020,Defaulted
644,643,Mortgage,19491.2,0.0387,11/24/2020,6/27/2023,Active
645,334,Business,19467.3,0.1006,9/3/2018,10/20/2025,Paid
646,22,Mortgage,17745.26,0.0441,1/22/2022,11/18/2022,Defaulted
647,575,Personal,42010.28,0.0774,7/28/2023,6/13/2025,Active
648,887,Personal,5002.29,0.1466,11/1/2022,8/6/2021,Active
649,213,Mortgage,13543.08,0.1432,5/12/2021,5/25/2025,Paid
650,390,Business,10244.58,0.1556,12/23/2023,6/20/2021,Active
651,748,Personal,19274.28,0.0431,7/27/2025,2/6/2024,Paid
652,882,Personal,24190.81,0.1895,6/13/2024,7/29/2022,Paid
653,490,Auto,39210.72,0.1073,1/28/2024,2/6/2020,Paid
654,146,Business,46472.31,0.0898,10/23/2024,7/18/2021,Paid
655,580,Auto,24924.77,0.0412,1/12/2024,1/25/2022,Active
656,120,Auto,23754.37,0.214,7/30/2025,7/16/2021,Active
657,405,Personal,15826.01,0.1451,11/13/2019,10/15/2022,Paid
658,429,Personal,43899.55,0.2093,5/5/2025,11/6/2023,Paid
659,185,Auto,14406.98,0.1987,8/20/2023,12/17/2024,Defaulted
660,913,Personal,38485.93,0.173,3/28/2024,3/6/2023,Active
661,762,Business,41404.03,0.0834,7/19/2025,12/17/2022,Paid
662,882,Business,27983.11,0.2163,6/9/2019,10/11/2025,Active
663,558,Personal,18170.85,0.1052,8/23/2022,1/8/2022,Active
664,95,Business,43468.33,0.1637,4/2/2022,7/5/2022,Active
665,586,Mortgage,24277.73,0.2065,10/24/2021,6/15/2020,Defaulted
666,227,Business,12350.41,0.104,6/9/2022,1/18/2024,Active
667,383,Business,49341.01,0.1769,4/7/2023,4/28/2023,Defaulted
668,616,Mortgage,40003.35,0.1907,6/12/2023,6/6/2025,Paid
669,651,Business,36702.07,0.0326,12/26/2019,2/9/2020,Active
670,380,Mortgage,33289.58,0.0423,7/19/2025,11/27/2020,Active
671,48,Mortgage,22855.42,0.2018,12/17/2018,8/8/2020,Active
672,579,Personal,21979.89,0.1089,10/11/2023,1/3/2021,Active
673,546,Auto,7054.92,0.0101,5/31/2021,3/10/2022,Defaulted
674,645,Auto,7612.49,0.0952,1/31/2023,7/30/2021,Paid
675,703,Business,10949.61,0.0826,1/5/2021,4/13/2023,Defaulted
676,465,Mortgage,41916.28,0.2142,9/23/2019,6/24/2020,Active
677,302,Business,8392.75,0.1746,10/29/2024,10/9/2025,Defaulted
678,229,Personal,12744.66,0.2182,9/8/2019,5/11/2021,Paid
679,883,Mortgage,17147.57,0.2063,7/8/2020,5/3/2022,Paid
680,383,Auto,11961.18,0.1572,9/21/2019,4/28/2021,Defaulted
681,368,Business,24537.41,0.0617,6/16/2018,2/28/2020,Defaulted
682,484,Mortgage,6700.16,0.0724,3/30/2022,3/30/2025,Defaulted
683,649,Business,18717.6,0.1814,5/30/2019,12/22/2024,Defaulted
684,123,Mortgage,6302.36,0.1845,8/1/2022,6/27/2025,Paid
685,779,Personal,5865.26,0.0591,3/9/2019,12/7/2024,Paid
686,59,Mortgage,25015.2,0.091,9/15/2025,4/13/2021,Paid
687,694,Auto,27331.06,0.1782,6/5/2019,10/27/2021,Defaulted
688,36,Auto,48106.58,0.1984,8/24/2025,12/11/2024,Active
689,398,Mortgage,8034.39,0.0241,10/30/2022,4/7/2025,Defaulted
690,456,Auto,22104.6,0.1795,4/4/2022,8/9/2025,Defaulted
691,973,Auto,39138.93,0.2281,9/5/2022,1/27/2021,Defaulted
692,461,Auto,17154.45,0.1983,5/27/2019,4/16/2021,Active
693,517,Mortgage,20417.45,0.0565,6/12/2018,8/5/2024,Paid
694,632,Mortgage,44237.87,0.1017,4/26/2022,8/22/2023,Active
695,983,Mortgage,17694.84,0.1112,9/10/2025,3/25/2025,Active
696,218,Auto,47449.74,0.1224,12/28/2021,2/22/2022,Active
697,43,Mortgage,39361.22,0.188,8/18/2021,12/17/2021,Active
698,538,Auto,25870.97,0.1404,8/14/2021,11/12/2021,Active
699,748,Business,19029.69,0.0281,7/1/2019,2/1/2022,Defaulted
700,500,Auto,32225.52,0.132,6/7/2019,9/5/2023,Defaulted
701,355,Auto,9212.61,0.1848,6/18/2025,3/25/2024,Defaulted
702,493,Mortgage,8452.11,0.069,3/22/2022,4/8/2023,Active
703,685,Mortgage,47112.52,0.1346,4/17/2018,1/18/2021,Defaulted
704,797,Personal,48689.77,0.1738,11/8/2023,3/2/2021,Defaulted
705,305,Business,27321.14,0.1289,4/11/2018,12/24/2023,Paid
706,836,Auto,40985.79,0.2371,6/3/2020,4/4/2023,Active
707,665,Auto,44057.29,0.2213,6/2/2021,11/26/2024,Active
708,54,Business,31055.26,0.2403,11/8/2018,2/3/2023,Active
709,119,Mortgage,10489.92,0.1127,9/15/2025,8/8/2022,Active
710,832,Personal,46628.41,0.1003,8/16/2022,3/22/2024,Paid
711,885,Mortgage,27865.62,0.1911,4/17/2018,4/10/2025,Defaulted
712,490,Personal,47526.61,0.1517,6/22/2025,7/14/2024,Paid
713,237,Auto,39295.42,0.1421,8/10/2020,4/11/2024,Defaulted
714,115,Business,38353.71,0.1417,8/8/2020,4/4/2024,Active
715,721,Mortgage,45582.22,0.0782,3/28/2024,8/28/2024,Defaulted
716,175,Personal,5257.57,0.2229,7/26/2019,11/30/2021,Paid
717,290,Personal,23950.32,0.0731,10/16/2022,10/28/2025,Active
718,219,Business,47632.28,0.2033,8/26/2025,8/11/2025,Defaulted
719,418,Personal,20062.38,0.0312,6/19/2019,3/21/2024,Defaulted
720,784,Personal,48676.56,0.2395,4/13/2023,9/2/2024,Paid
721,56,Business,47111.47,0.0889,5/1/2021,10/27/2022,Defaulted
722,707,Auto,40783.41,0.2273,5/8/2021,2/9/2021,Defaulted
723,207,Mortgage,9818.93,0.1056,11/17/2020,5/9/2025,Active
724,861,Personal,27384.98,0.0788,12/6/2020,7/16/2021,Active
725,175,Business,26624.19,0.1369,3/23/2023,9/11/2020,Defaulted
726,27,Auto,30133.85,0.0937,11/17/2021,3/2/2024,Paid
727,336,Mortgage,39886.72,0.1894,7/22/2020,6/30/2025,Defaulted
728,967,Business,18641.22,0.2284,12/19/2025,6/12/2022,Paid
729,182,Auto,47063.65,0.1,4/18/2022,6/7/2023,Paid
730,972,Mortgage,44860.24,0.0788,3/15/2025,8/22/2020,Paid
731,477,Mortgage,16080.23,0.0807,9/8/2025,1/14/2023,Defaulted
732,694,Mortgage,22823.73,0.2218,4/17/2020,12/20/2021,Defaulted
733,928,Business,31983.73,0.1667,7/12/2025,5/12/2025,Paid
734,122,Business,14832.78,0.2187,4/7/2022,11/16/2023,Active
735,400,Auto,34655.86,0.1238,12/22/2023,8/2/2024,Active
736,775,Personal,5613.02,0.1373,10/17/2021,4/13/2023,Defaulted
737,672,Personal,30109.52,0.0881,9/4/2020,7/8/2022,Active
738,513,Personal,16010.98,0.0415,5/25/2023,8/18/2021,Active
739,911,Business,17124.9,0.0279,12/26/2021,4/19/2025,Active
740,397,Auto,40807.31,0.2289,9/4/2023,12/26/2024,Paid
741,618,Auto,20451.91,0.1701,4/17/2022,8/31/2023,Active
742,445,Business,46852.35,0.1037,10/7/2019,12/28/2025,Defaulted
743,38,Personal,49792.59,0.2121,2/5/2020,1/11/2020,Active
744,202,Business,43354.21,0.1777,7/10/2023,3/27/2022,Active
745,883,Mortgage,42107.73,0.2361,9/9/2025,12/5/2020,Paid
746,464,Business,19207.39,0.1455,5/22/2021,6/2/2025,Paid
747,122,Personal,20279.85,0.2217,6/10/2024,8/8/2022,Active
748,735,Mortgage,48051.01,0.1096,5/16/2023,8/14/2020,Defaulted
749,552,Auto,48789.65,0.2041,2/22/2025,7/27/2024,Defaulted
750,198,Mortgage,6753.79,0.0163,3/7/2020,2/10/2023,Paid
751,566,Personal,38292.78,0.2343,8/2/2021,11/6/2023,Paid
752,414,Personal,28678.49,0.218,7/7/2020,1/29/2020,Defaulted
753,900,Business,46887.05,0.1822,12/10/2019,5/30/2024,Defaulted
754,454,Business,33718.67,0.2149,12/23/2020,8/2/2021,Active
755,890,Personal,10733.42,0.1845,11/11/2025,6/8/2020,Paid
756,845,Mortgage,35462.03,0.0131,5/2/2021,8/9/2020,Paid
757,858,Business,18082.64,0.1288,3/18/2023,6/24/2023,Paid
758,84,Business,24630.94,0.106,6/1/2021,10/9/2025,Defaulted
759,141,Mortgage,36768.55,0.1883,2/7/2023,3/17/2021,Defaulted
760,738,Mortgage,6853.42,0.2234,3/12/2023,8/23/2023,Active
761,555,Personal,22447.43,0.088,5/7/2024,11/19/2020,Active
762,215,Mortgage,9630.1,0.0967,8/22/2022,9/10/2022,Defaulted
763,442,Business,42161.17,0.129,1/23/2023,9/26/2022,Defaulted
764,475,Auto,7212.16,0.2389,5/15/2024,5/4/2022,Paid
765,756,Personal,17600.86,0.095,7/13/2025,7/4/2024,Active
766,15,Personal,41165.73,0.1081,7/21/2023,9/24/2023,Paid
767,753,Business,14624.76,0.021,4/20/2024,10/7/2021,Paid
768,314,Business,30093.94,0.0558,9/28/2020,11/6/2025,Defaulted
769,863,Personal,5039.99,0.0867,3/28/2024,7/10/2020,Active
770,201,Mortgage,47682.93,0.2186,5/8/2020,1/7/2022,Paid
771,853,Auto,37485.07,0.1883,3/17/2020,6/7/2024,Defaulted
772,876,Mortgage,42436.01,0.1077,9/15/2018,4/14/2022,Paid
773,27,Business,7350.56,0.2236,4/9/2021,3/27/2023,Paid
774,417,Auto,12647.77,0.1428,10/4/2020,7/8/2025,Active
775,802,Personal,23507.41,0.1735,1/2/2024,12/6/2024,Paid
776,292,Mortgage,37384.72,0.186,8/31/2018,3/24/2023,Paid
777,916,Personal,21201.84,0.0392,9/5/2024,3/23/2021,Active
778,457,Business,30137.55,0.2179,4/12/2019,10/7/2021,Active
779,319,Mortgage,25275.51,0.0362,2/8/2022,11/14/2023,Active
780,555,Business,22298.56,0.035,12/31/2018,4/16/2021,Defaulted
781,55,Personal,45518.24,0.0874,4/9/2021,5/3/2023,Defaulted
782,781,Business,12145.68,0.0437,2/19/2023,12/5/2024,Active
783,228,Auto,24290.18,0.1542,9/21/2018,9/15/2022,Active
784,128,Mortgage,35854.25,0.0762,1/28/2020,3/4/2023,Paid
785,648,Mortgage,32937.18,0.0352,3/1/2019,5/9/2025,Active
786,873,Personal,21936.19,0.2297,4/14/2024,5/5/2022,Active
787,251,Auto,23382.41,0.2249,10/21/2024,3/19/2023,Paid
788,636,Mortgage,47813.7,0.0956,6/12/2024,2/1/2022,Active
789,33,Personal,18702.87,0.1191,8/15/2025,4/23/2024,Active
790,775,Personal,15224.22,0.0855,6/18/2022,9/3/2025,Defaulted
791,822,Mortgage,33268.05,0.1073,1/6/2020,11/25/2023,Paid
792,931,Auto,18334.06,0.1121,9/28/2020,9/15/2022,Defaulted
793,391,Mortgage,40702.24,0.2214,11/7/2021,9/20/2022,Defaulted
794,876,Mortgage,8140.81,0.0703,5/7/2025,11/13/2024,Active
795,167,Personal,49808.27,0.0329,8/1/2024,6/2/2020,Paid
796,399,Personal,36552.18,0.0794,2/18/2020,7/15/2021,Active
797,576,Personal,47874.37,0.0761,7/9/2022,11/10/2021,Active
798,115,Auto,33302.43,0.0693,7/22/2025,4/22/2020,Active
799,166,Personal,42286.23,0.2207,5/6/2024,8/20/2023,Defaulted
800,782,Personal,27613.26,0.1735,3/12/2021,5/2/2023,Active
801,574,Personal,49712.27,0.083,1/30/2018,12/2/2021,Defaulted
802,796,Mortgage,39786.68,0.0159,6/20/2021,8/6/2024,Defaulted
803,711,Mortgage,34093.36,0.045,11/30/2025,8/12/2023,Active
804,503,Auto,7692.59,0.0736,10/7/2018,12/7/2024,Defaulted
805,299,Mortgage,26712.02,0.103,5/22/2021,12/11/2023,Paid
806,242,Personal,30361.68,0.1471,5/20/2018,12/4/2020,Paid
807,948,Mortgage,6477.45,0.0247,7/13/2019,4/23/2025,Active
808,565,Business,10683.39,0.1706,8/21/2023,7/6/2020,Defaulted
809,368,Business,11666.1,0.1477,1/21/2018,12/19/2021,Defaulted
810,754,Mortgage,29208.29,0.0947,4/11/2019,8/20/2020,Paid
811,170,Mortgage,26656.99,0.1399,11/20/2019,1/28/2023,Defaulted
812,491,Auto,14673.22,0.2377,3/4/2022,3/8/2023,Paid
813,337,Auto,28805.53,0.1501,5/16/2021,7/5/2020,Paid
814,526,Personal,45742.69,0.088,1/23/2019,10/15/2021,Active
815,518,Business,48469.76,0.082,12/15/2024,3/8/2020,Active
816,968,Personal,32838.39,0.1255,4/7/2020,11/7/2023,Paid
817,508,Auto,8652.17,0.1845,4/25/2023,7/7/2025,Active
818,904,Business,10173.45,0.2034,10/30/2018,11/11/2020,Active
819,777,Personal,28353.8,0.201,1/22/2022,3/16/2021,Active
820,491,Mortgage,33575.53,0.1692,6/6/2020,8/11/2025,Paid
821,431,Personal,19331.97,0.0878,7/25/2018,2/18/2021,Defaulted
822,291,Auto,35453.04,0.1654,6/8/2019,7/29/2023,Active
823,406,Auto,5624.49,0.187,11/17/2024,4/5/2024,Defaulted
824,804,Personal,43474.41,0.012,12/22/2024,5/18/2020,Defaulted
825,314,Auto,11063.88,0.046,10/18/2020,1/16/2022,Active
826,269,Mortgage,10496.04,0.2097,7/24/2025,11/14/2021,Paid
827,169,Personal,33265.99,0.0139,6/5/2025,2/9/2023,Active
828,676,Business,37190.97,0.2072,9/30/2020,5/4/2024,Paid
829,500,Mortgage,13737.95,0.0491,8/20/2023,12/17/2022,Defaulted
830,234,Business,9457.13,0.1227,4/26/2019,11/29/2020,Defaulted
831,548,Business,22509.89,0.0505,5/4/2021,10/4/2022,Paid
832,631,Auto,37211.47,0.2463,4/24/2021,11/9/2020,Defaulted
833,756,Business,20175.07,0.1995,1/30/2024,5/8/2020,Paid
834,402,Auto,19218.01,0.0925,8/13/2023,7/9/2024,Paid
835,395,Personal,45923.92,0.2039,10/22/2022,10/23/2023,Paid
836,13,Personal,14360.07,0.1419,7/8/2024,6/22/2020,Active
837,283,Mortgage,17089.82,0.0425,8/17/2023,4/28/2023,Active
838,200,Mortgage,25325.78,0.1664,12/27/2022,1/11/2023,Paid
839,827,Auto,45568.43,0.0443,1/26/2018,9/17/2023,Paid
840,501,Business,34999.57,0.2036,9/18/2025,12/10/2022,Defaulted
841,463,Auto,31164.57,0.0919,2/12/2025,9/10/2025,Defaulted
842,243,Auto,43443.34,0.163,3/30/2020,6/28/2022,Paid
843,799,Mortgage,38057.52,0.1782,5/26/2018,4/25/2022,Paid
844,308,Auto,20276.67,0.2499,7/24/2021,12/5/2025,Paid
845,41,Mortgage,44631.78,0.0414,9/7/2023,6/18/2024,Active
846,334,Auto,27301.89,0.1038,4/26/2020,8/8/2022,Defaulted
847,583,Business,10897.69,0.0852,6/8/2022,12/30/2022,Defaulted
848,920,Personal,40787,0.0831,2/2/2021,4/24/2022,Active
849,91,Auto,34511.32,0.0678,5/10/2023,9/5/2023,Defaulted
850,209,Business,13583.13,0.1159,9/26/2020,7/20/2023,Defaulted
851,678,Mortgage,34914.95,0.0528,11/22/2023,11/12/2025,Paid
852,944,Personal,19270,0.0439,7/11/2022,8/19/2020,Defaulted
853,747,Business,43397.11,0.0502,4/6/2023,2/24/2021,Paid
854,193,Mortgage,9684.84,0.2263,7/6/2021,6/8/2024,Paid
855,954,Auto,40559.3,0.1288,11/10/2025,7/31/2025,Paid
856,749,Personal,40450.92,0.1198,3/17/2018,3/5/2020,Active
857,235,Personal,39493.45,0.146,3/8/2022,12/23/2024,Paid
858,282,Mortgage,13479.01,0.0873,8/29/2020,8/16/2020,Defaulted
859,38,Auto,30760.42,0.2026,12/6/2025,5/23/2020,Paid
860,132,Personal,28167.4,0.231,2/28/2025,1/30/2022,Defaulted
861,491,Auto,11756.81,0.0534,9/24/2021,6/16/2025,Paid
862,564,Auto,23890,0.0185,6/21/2022,3/6/2022,Defaulted
863,350,Mortgage,13948.96,0.0776,4/29/2022,6/22/2020,Paid
864,37,Auto,36555.51,0.0191,9/9/2020,3/24/2024,Active
865,890,Auto,34930.2,0.2164,10/24/2019,2/3/2022,Paid
866,626,Auto,9181.27,0.1175,4/23/2018,8/27/2020,Defaulted
867,55,Mortgage,17659.82,0.0775,1/1/2019,1/10/2025,Active
868,429,Personal,43998.01,0.2012,8/17/2022,12/19/2025,Paid
869,676,Auto,28381.79,0.1585,5/21/2018,4/14/2020,Paid
870,565,Mortgage,30533.62,0.0886,9/2/2022,11/9/2024,Active
871,579,Mortgage,42724,0.1321,6/26/2024,4/21/2025,Defaulted
872,614,Business,42373.76,0.1878,4/23/2022,8/3/2024,Paid
873,406,Personal,24629.05,0.1446,7/3/2023,3/14/2023,Defaulted
874,57,Auto,42138.21,0.0936,10/22/2022,9/14/2020,Defaulted
875,52,Personal,28494.45,0.2324,5/11/2019,9/19/2022,Active
876,745,Personal,31167.03,0.1819,2/10/2021,10/17/2022,Active
877,961,Business,47852.71,0.1461,10/25/2019,3/5/2021,Defaulted
878,780,Mortgage,15215.93,0.0432,4/28/2020,5/8/2024,Active
879,274,Business,5018.85,0.1678,11/9/2019,5/2/2025,Defaulted
880,11,Auto,12826.49,0.0922,3/9/2018,12/12/2021,Defaulted
881,756,Auto,41872.11,0.1335,7/31/2020,10/9/2020,Active
882,134,Personal,26277.85,0.0467,11/5/2018,3/4/2024,Paid
883,596,Business,45794.8,0.1542,3/31/2020,2/8/2022,Active
884,996,Business,45803.37,0.0589,3/21/2019,7/16/2024,Paid
885,862,Mortgage,48922.34,0.1873,8/17/2019,5/8/2020,Defaulted
886,255,Auto,37562.61,0.0466,10/16/2021,11/9/2022,Paid
887,88,Personal,32280.01,0.1026,1/2/2020,4/17/2022,Paid
888,331,Personal,15104.31,0.1726,1/14/2021,3/15/2022,Paid
889,684,Auto,14091.13,0.0886,10/2/2023,3/22/2024,Active
890,388,Auto,38380.71,0.2261,10/17/2025,9/28/2022,Defaulted
891,308,Mortgage,9675.07,0.1204,9/4/2022,3/31/2021,Defaulted
892,713,Auto,24428.23,0.0783,3/28/2023,4/25/2021,Active
893,665,Business,18789.15,0.2297,4/16/2019,2/17/2025,Active
894,247,Auto,24216.16,0.2233,10/13/2025,7/11/2022,Active
895,384,Business,20817.69,0.1056,5/6/2023,6/1/2021,Active
896,269,Personal,41697.59,0.13,4/14/2024,6/12/2021,Paid
897,647,Personal,14461.84,0.2237,4/12/2018,9/11/2022,Active
898,441,Personal,39318.66,0.021,9/5/2019,8/7/2025,Active
899,865,Personal,32676.3,0.0749,2/10/2019,2/8/2024,Defaulted
900,432,Business,37945.96,0.2375,6/14/2024,5/2/2024,Paid
901,234,Personal,36517.76,0.1574,3/26/2023,10/22/2022,Defaulted
902,468,Auto,36909.1,0.1414,7/11/2024,8/6/2022,Active
903,437,Business,48570.36,0.1945,9/18/2021,11/1/2025,Paid
904,808,Mortgage,33688.21,0.0531,7/27/2020,1/10/2022,Paid
905,724,Mortgage,14570.76,0.1856,6/15/2021,8/20/2023,Paid
906,358,Auto,44154.14,0.0895,5/6/2025,2/22/2021,Defaulted
907,220,Mortgage,11373.31,0.1462,7/7/2019,7/27/2024,Active
908,928,Auto,23263.83,0.2192,12/22/2022,4/2/2023,Defaulted
909,137,Auto,18371.87,0.0839,10/13/2020,10/10/2021,Paid
910,733,Business,10082.73,0.059,5/11/2024,6/21/2020,Paid
911,588,Personal,33883.38,0.1206,8/16/2023,3/9/2022,Defaulted
912,396,Personal,21013.19,0.0766,3/16/2021,1/20/2025,Defaulted
913,261,Auto,35855.18,0.0989,11/1/2018,7/28/2024,Paid
914,634,Auto,8914.46,0.2017,11/30/2018,6/9/2021,Defaulted
915,408,Auto,13731.45,0.098,6/23/2021,12/9/2022,Active
916,828,Auto,8662.4,0.1697,11/28/2024,9/27/2021,Active
917,414,Auto,16111.06,0.123,3/12/2020,8/2/2024,Defaulted
918,359,Personal,16657.13,0.2274,4/28/2025,8/6/2021,Defaulted
919,131,Business,9842.18,0.1676,3/15/2018,2/23/2020,Paid
920,395,Business,10247.73,0.1865,7/13/2024,11/25/2020,Paid
921,627,Mortgage,11581.48,0.2482,6/30/2024,6/9/2020,Defaulted
922,298,Auto,6361.17,0.0116,12/7/2025,3/25/2023,Active
923,146,Personal,39510.82,0.0814,6/19/2020,11/10/2020,Paid
924,723,Business,39833.51,0.2473,8/1/2019,3/31/2025,Paid
925,597,Business,45045.08,0.0319,4/23/2022,1/14/2021,Paid
926,271,Business,31349.82,0.0393,12/21/2022,2/10/2021,Active
927,422,Auto,33611.17,0.1057,10/26/2024,11/7/2024,Defaulted
928,527,Mortgage,24884.03,0.0223,8/8/2024,5/4/2022,Paid
929,625,Auto,6752.68,0.0212,1/11/2021,6/28/2025,Defaulted
930,98,Mortgage,11684.86,0.115,1/10/2021,1/5/2022,Defaulted
931,552,Auto,28815.39,0.1088,7/24/2022,11/20/2024,Defaulted
932,346,Business,9664.68,0.1738,5/13/2025,3/1/2023,Paid
933,847,Mortgage,6792.89,0.1054,4/24/2024,12/3/2025,Defaulted
934,986,Auto,34374.98,0.1886,3/21/2024,8/10/2020,Defaulted
935,178,Auto,23090.98,0.2337,9/15/2019,6/7/2024,Defaulted
936,592,Auto,36520.12,0.1159,7/21/2019,2/11/2022,Defaulted
937,655,Personal,11901.68,0.0948,2/21/2022,3/28/2024,Paid
938,979,Business,33006.68,0.1895,3/22/2025,8/5/2025,Defaulted
939,438,Business,15277.94,0.1688,2/5/2022,10/29/2022,Defaulted
940,627,Auto,49717.15,0.1616,8/17/2019,10/16/2025,Defaulted
941,855,Mortgage,30936.73,0.2279,4/24/2018,5/18/2023,Paid
942,984,Business,31511.02,0.044,9/4/2024,3/1/2025,Defaulted
943,750,Mortgage,14908.33,0.0621,10/28/2018,1/17/2024,Active
944,619,Auto,8308.44,0.1461,9/27/2024,10/18/2023,Paid
945,530,Mortgage,22101.13,0.2496,10/20/2023,2/1/2020,Defaulted
946,592,Mortgage,8507.74,0.1455,5/30/2024,5/9/2020,Defaulted
947,15,Auto,30263.88,0.0116,1/17/2025,1/3/2022,Active
948,970,Mortgage,45113.2,0.219,11/25/2023,7/13/2022,Defaulted
949,583,Mortgage,7143.34,0.2276,1/11/2022,12/27/2020,Active
950,96,Personal,9524.06,0.1519,2/15/2018,3/25/2020,Defaulted
951,440,Auto,18280.83,0.1059,4/2/2023,8/18/2022,Defaulted
952,996,Business,13984.49,0.0101,5/20/2019,12/30/2022,Paid
953,126,Personal,38055.33,0.0235,8/16/2025,9/15/2020,Paid
954,623,Business,19852.5,0.1747,6/13/2019,6/22/2025,Defaulted
955,521,Business,34444.43,0.0339,12/29/2019,11/1/2020,Paid
956,784,Mortgage,48658.54,0.0892,9/19/2022,1/17/2024,Paid
957,226,Personal,48323.79,0.1161,4/2/2025,2/16/2020,Active
958,137,Business,15195.16,0.0528,8/24/2020,12/22/2021,Paid
959,459,Mortgage,49962.6,0.1031,3/10/2023,5/4/2024,Active
960,953,Personal,19708.18,0.1437,5/27/2022,3/17/2020,Defaulted
961,354,Personal,37238.7,0.2245,8/7/2018,2/23/2025,Defaulted
962,138,Business,12230.8,0.0583,6/10/2024,3/24/2025,Defaulted
963,947,Personal,24329.86,0.04,4/11/2022,9/23/2024,Defaulted
964,27,Personal,11054.91,0.2365,11/23/2025,12/2/2025,Paid
965,980,Personal,35328.83,0.132,9/13/2025,7/16/2023,Paid
966,598,Business,36559.36,0.0997,9/13/2022,10/6/2024,Paid
967,134,Business,7018.87,0.1612,4/14/2025,2/21/2023,Paid
968,639,Personal,40944.82,0.0382,12/23/2024,12/20/2025,Paid
969,927,Mortgage,35258.78,0.1519,3/12/2023,10/2/2021,Paid
970,704,Personal,24313.35,0.0958,7/18/2020,12/1/2021,Defaulted
971,305,Mortgage,9903.69,0.0334,1/1/2020,1/6/2025,Defaulted
972,772,Personal,5658.42,0.1556,3/8/2024,3/6/2021,Defaulted
973,33,Business,26539.19,0.0905,4/15/2024,5/21/2023,Defaulted
974,960,Business,20901.28,0.1642,4/12/2018,6/7/2023,Paid
975,718,Personal,5520.18,0.2068,6/10/2020,4/20/2020,Defaulted
976,164,Auto,21506.51,0.0809,3/28/2020,1/16/2023,Paid
977,936,Business,11623.56,0.1932,5/17/2020,11/11/2022,Active
978,753,Mortgage,14302.66,0.1786,7/31/2023,9/4/2022,Active
979,456,Mortgage,22429,0.1986,2/4/2018,1/6/2021,Defaulted
980,379,Mortgage,31924.25,0.1326,7/2/2023,4/13/2022,Defaulted
981,568,Business,49218.64,0.0515,11/6/2018,6/11/2022,Paid
982,927,Auto,40399.07,0.0348,12/16/2018,7/11/2020,Defaulted
983,709,Mortgage,43664.25,0.0871,1/14/2019,6/19/2020,Defaulted
984,145,Personal,11341.14,0.1587,11/14/2024,3/1/2020,Defaulted
985,161,Mortgage,10939.26,0.1613,5/26/2022,8/31/2022,Active
986,96,Personal,11439.95,0.0384,8/15/2022,5/24/2021,Paid
987,56,Business,28833.72,0.0869,3/31/2018,12/25/2023,Paid
988,200,Mortgage,17807.98,0.115,5/18/2022,2/28/2022,Defaulted
989,478,Mortgage,14084.51,0.0775,7/12/2018,10/20/2023,Defaulted
990,321,Auto,9454.4,0.0842,6/25/2023,8/16/2025,Active
991,439,Personal,18521.42,0.2048,8/5/2024,1/28/2025,Paid
992,516,Business,10298.27,0.1524,3/2/2023,12/6/2025,Active
993,201,Auto,27773.77,0.1789,4/3/2023,9/1/2021,Defaulted
994,109,Auto,34047.5,0.2331,11/30/2024,7/10/2021,Paid
995,612,Business,30385.06,0.2402,3/29/2022,10/10/2020,Defaulted
996,696,Auto,18874.1,0.1108,12/25/2021,6/26/2023,Defaulted
997,383,Auto,36473.44,0.1654,12/3/2018,12/6/2025,Paid
998,422,Personal,24799.62,0.195,12/3/2021,5/23/2022,Paid
999,686,Mortgage,49346.01,0.032,1/9/2020,9/21/2021,Paid
1000,467,Personal,26595.09,0.2016,12/8/2024,11/24/2022,Defaulted
