MobileTransID,CustomerID,DeviceID,AppVersion,TransactionType,Amount,Date
1,110,TMJB6GHY,1,Transfer,6906,1/15/2025
2,738,Y2X0I85D,1.1,Deposit,9007,5/10/2025
3,602,AWDZPTH4,2,Deposit,1722,1/21/2025
4,296,WD74EQOC,1.2,Deposit,5236,2/20/2025
5,723,DQF1CA6T,1,Transfer,19101,2/18/2025
6,941,IF6MELDT,2,Transfer,19169,1/26/2025
7,543,CXFHOZ7D,1.2,Transfer,18265,8/17/2025
8,90,NZQ2J753,1.2,Payment,16672,9/12/2025
9,169,SZWIH3CB,1,Payment,2214,4/30/2025
10,124,UWA4LKN9,2,Transfer,16329,10/12/2025
11,110,A1FNI4DX,1.2,Deposit,9353,10/28/2025
12,163,PD8TXLJC,1,Transfer,744,5/18/2025
13,355,N12HA6VI,1,Transfer,10507,2/3/2025
14,271,CDSU29QP,1.2,Deposit,18072,12/19/2025
15,279,N68FDXJ4,1.2,Deposit,17443,1/26/2025
16,160,19F38IQT,1.2,Deposit,16118,12/25/2025
17,831,37DQ8BVN,1.2,Payment,12506,11/17/2025
18,808,9CDJBRZ6,1.1,Transfer,4745,4/1/2025
19,711,BCYIMAJL,1.1,Deposit,2118,2/6/2025
20,916,M8CIPB5S,1,Payment,3393,3/26/2025
21,161,Y5R0EUDN,1.2,Deposit,12378,3/5/2025
22,444,2HBCZM4W,1,Transfer,9827,9/14/2025
23,739,9DGI6UMT,1.1,Payment,13137,2/25/2025
24,91,XAV0MBPT,1,Deposit,3593,5/9/2025
25,91,GBXCOPAR,1.1,Payment,5604,1/21/2025
26,982,1RD5CEKJ,1.2,Deposit,16361,4/28/2025
27,2,AY32XSEQ,1.2,Payment,16171,2/18/2025
28,886,ZNAS8QIX,1,Payment,8770,9/14/2025
29,341,FBGI1LVM,2,Transfer,18604,10/18/2025
30,467,50MWQZ2V,1.2,Deposit,4340,3/8/2025
31,69,6XU51M79,1.1,Deposit,11616,7/2/2025
32,65,T6RM0ZN2,1.1,Deposit,4684,4/29/2025
33,718,COIUEGQB,1.2,Deposit,6825,6/16/2025
34,547,JQEVK2YH,1,Deposit,7836,2/5/2025
35,74,Z4RUNFT7,1.2,Deposit,5245,3/22/2025
36,734,D9HU76AX,2,Deposit,1976,10/9/2025
37,44,QSJGXVOZ,2,Transfer,3381,10/23/2025
38,324,ZS8AEXIJ,1.2,Payment,5167,11/4/2025
39,100,AQHDE05U,1.2,Transfer,5154,1/5/2025
40,927,4AY5KBIX,1.1,Payment,16878,8/27/2025
41,905,NGLTB7CR,1,Transfer,14937,3/25/2025
42,919,UWBE9NI2,1.1,Deposit,2730,4/28/2025
43,521,RBYN6E4Z,2,Transfer,18920,8/22/2025
44,126,CJDU40L3,1.2,Deposit,256,7/3/2025
45,443,QC9XOJU6,1.1,Transfer,5822,5/16/2025
46,39,GPT1JE9R,1,Deposit,1721,12/28/2025
47,402,BVDR8WC9,2,Transfer,10752,8/7/2025
48,750,J6FKBVY4,2,Payment,13640,9/3/2025
49,641,1YLZX03I,2,Transfer,6726,6/8/2025
50,246,HBMIRCGD,2,Deposit,13948,11/21/2025
51,507,7L0XRNIV,1.1,Transfer,19755,3/27/2025
52,299,27KQVHWD,2,Deposit,18934,7/20/2025
53,879,XV9ILRDZ,1,Payment,15461,4/25/2025
54,460,4I20B65F,1.1,Payment,7875,12/7/2025
55,425,KG3RD75O,1.2,Deposit,9362,3/31/2025
56,177,QTXEYHWR,2,Transfer,17991,9/1/2025
57,564,I8YFQGJZ,1.1,Deposit,8187,3/11/2025
58,87,KNXOHVL5,1.2,Deposit,160,8/21/2025
59,765,MVYK1SX4,1.2,Transfer,9434,8/24/2025
60,721,31VFCWP6,2,Deposit,14333,3/23/2025
61,6,Z7RIAJCE,1,Payment,3291,8/5/2025
62,744,3X4TE9WM,1.2,Transfer,18589,1/1/2025
63,691,TROBDY7H,1,Payment,7206,1/5/2025
64,192,8IJ2CWDZ,2,Payment,15528,4/9/2025
65,111,1H3K8FET,1.2,Payment,8622,1/6/2025
66,413,ZG9K2U0M,1.1,Transfer,11865,7/31/2025
67,764,OCI8T5AE,1.1,Payment,8245,12/6/2025
68,721,M8N36JDE,1.2,Transfer,2239,9/10/2025
69,917,FP1KJC2Z,1,Deposit,13907,1/21/2025
70,177,6BZTV73M,1,Payment,14983,9/17/2025
71,38,7GESKA16,2,Deposit,11684,7/26/2025
72,164,1CMP5W8J,2,Deposit,8642,7/13/2025
73,811,BLWRN8AM,1,Payment,9923,4/27/2025
74,772,SLADTJGC,1.2,Deposit,14916,7/13/2025
75,55,0JHYU2CP,1.2,Deposit,15767,1/2/2025
76,69,LXCJG23R,1.1,Payment,16592,7/12/2025
77,337,3O2FC0MI,1,Payment,4640,6/2/2025
78,505,O5B4YW73,1.1,Deposit,10458,8/28/2025
79,917,52LZ6YO4,1.2,Transfer,2084,10/27/2025
80,834,IVODJGY5,2,Payment,4781,6/11/2025
81,130,HF3TR4JL,1.2,Payment,6339,8/10/2025
82,284,9PJBWRMT,2,Payment,13505,4/10/2025
83,436,VXHZEG2U,1.1,Deposit,13224,2/9/2025
84,486,1NXBMJTU,1.2,Payment,12608,8/20/2025
85,501,UTL3F87J,1,Payment,13445,7/15/2025
86,115,BEF7RSZ2,1.1,Deposit,12263,1/19/2025
87,589,1GV5SUJ2,1.2,Transfer,7998,11/28/2025
88,513,28WPJFCS,1,Transfer,17359,9/22/2025
89,733,HQKD5XBN,2,Transfer,5241,11/12/2025
90,583,IDS90H3F,1,Transfer,9449,10/24/2025
91,723,Z5OC4FAQ,1.2,Deposit,9547,7/1/2025
92,33,PJ9Z2U8Q,1.1,Deposit,3750,10/12/2025
93,593,XG0UHYA5,1.1,Transfer,17679,1/16/2025
94,768,NHSB3WKI,1.1,Deposit,7593,12/22/2025
95,140,TJUO5CVX,1.1,Transfer,16899,10/2/2025
96,810,BP465VK3,1.1,Deposit,15431,10/17/2025
97,497,9Z0PMIDF,1.2,Payment,12094,2/8/2025
98,900,72SFUNY4,1.2,Transfer,13982,1/4/2025
99,443,3K06ZMQD,2,Transfer,5026,6/20/2025
100,387,AQ593W1L,1,Transfer,6036,2/9/2025
101,684,NDG183UA,2,Payment,13919,2/10/2025
102,550,NHU97ZG6,1.2,Transfer,10193,6/25/2025
103,330,4S9DZ8TN,2,Payment,8930,8/29/2025
104,548,LHEWNFAJ,1,Transfer,18825,1/7/2025
105,258,NKLXI59W,1,Payment,14173,7/9/2025
106,546,MQJSOYUG,1.2,Transfer,18407,12/21/2025
107,507,A0Y2I9SV,1.2,Payment,4956,2/12/2025
108,281,NAMTZR41,2,Payment,3830,3/23/2025
109,343,526JWTV0,1.1,Transfer,916,4/6/2025
110,435,1FUXDKS8,1,Deposit,7596,8/1/2025
111,248,3QY2Z7K8,2,Deposit,5231,1/7/2025
112,566,5WNUTHJY,2,Deposit,9341,8/29/2025
113,736,WGQ265FI,1.2,Deposit,2779,9/12/2025
114,638,O2GDUPB5,1.1,Payment,15015,10/13/2025
115,810,062VIZYS,1.1,Deposit,1318,6/28/2025
116,693,YWSQ2ID1,2,Transfer,16040,4/17/2025
117,250,F1GA0VKO,1,Deposit,8687,4/2/2025
118,44,9DOYAFR5,1.2,Transfer,17191,8/5/2025
119,55,O7PTL263,1.2,Transfer,517,10/23/2025
120,895,8UM3KNVB,1,Payment,17034,8/16/2025
121,392,9CNAF354,1.1,Deposit,3847,11/2/2025
122,952,6RQAUTYJ,1.1,Transfer,1911,12/30/2025
123,355,USGM869O,1.2,Deposit,16364,7/12/2025
124,127,E6GKTVCL,1.2,Deposit,19829,10/31/2025
125,907,USNB34M0,1.2,Transfer,7256,9/29/2025
126,266,EH2K7B4U,1,Payment,6064,3/28/2025
127,844,3B6EJZMO,2,Transfer,9938,4/19/2025
128,58,JYZX0GNS,2,Payment,17961,8/17/2025
129,626,QI5WGRL2,1.1,Payment,2440,4/24/2025
130,318,730Q5XJK,2,Deposit,12434,10/3/2025
131,515,BI0MJ594,1.1,Deposit,13057,3/15/2025
132,10,T31IXWVJ,1,Transfer,8431,1/18/2025
133,733,34RB1OAE,2,Transfer,13712,3/3/2025
134,184,TGRQ03BP,1.1,Deposit,18333,3/28/2025
135,127,TZXYVU52,1.1,Payment,4043,11/17/2025
136,373,EPV324A5,1.1,Payment,893,5/1/2025
137,954,RSH6G1D8,1,Deposit,2126,1/24/2025
138,479,89YZC0WI,2,Deposit,7927,10/21/2025
139,99,P8WRZ6I7,2,Payment,19928,3/25/2025
140,723,TDVNPG42,1.1,Payment,15335,4/30/2025
141,160,7S5YUX81,1,Payment,5139,4/2/2025
142,582,DXRM5SQL,1.1,Transfer,15712,8/27/2025
143,926,0ZODE2NL,1,Payment,16177,10/9/2025
144,926,V1L8HYNS,1.1,Payment,2610,5/4/2025
145,460,304UYVHI,1.1,Deposit,13097,9/14/2025
146,459,KLSY31ZX,1.1,Transfer,231,7/25/2025
147,905,S4HN5K1V,1.1,Deposit,9040,2/24/2025
148,75,GH1D8ST5,1.1,Transfer,10683,11/15/2025
149,235,DEU3Z15X,2,Payment,11684,1/13/2025
150,208,IUXYOKJ8,1.2,Transfer,11758,5/24/2025
151,815,PWSKE75F,1.1,Transfer,18795,3/27/2025
152,734,T20BIW75,1.1,Deposit,14007,5/29/2025
153,320,3KGQZ4DB,2,Payment,10119,1/16/2025
154,387,6B83RCMW,1.2,Transfer,1747,1/3/2025
155,640,ND5SBG98,1.2,Transfer,9048,11/22/2025
156,15,7DXTI2NZ,1.2,Deposit,5872,10/11/2025
157,221,DCN1EHRY,2,Deposit,1895,3/4/2025
158,910,GN7CP9DU,1,Transfer,16446,2/11/2025
159,671,FIGTO2SZ,1.1,Deposit,414,5/14/2025
160,802,JT8M5U1H,1,Payment,17602,10/14/2025
161,478,5AGPHT9I,2,Transfer,13131,6/26/2025
162,267,EKYVZ23H,1.2,Deposit,1495,7/29/2025
163,447,3DSEKNYM,2,Payment,4267,10/9/2025
164,728,ID2PBGJ5,1,Payment,13021,7/27/2025
165,133,AF73O4KD,2,Payment,1510,2/20/2025
166,414,8AL5F4TN,2,Transfer,15705,12/27/2025
167,350,RT5J8QEZ,1.1,Transfer,7741,8/18/2025
168,178,9AW34HQG,1.2,Deposit,2628,2/14/2025
169,961,U4DMJV6T,1.2,Deposit,8723,6/13/2025
170,357,NGLJ7SIM,2,Deposit,10921,5/17/2025
171,308,REV597AG,1.2,Deposit,3216,1/11/2025
172,410,OH37TKAZ,1.1,Payment,11816,12/24/2025
173,899,Q19MYGOB,1,Payment,3128,6/18/2025
174,298,BCJ21A7E,1.2,Payment,555,11/3/2025
175,291,8P5VGD6F,2,Transfer,3243,10/21/2025
176,776,ZK52SLFM,1,Payment,9225,11/11/2025
177,19,T6JG72C0,1.1,Transfer,12515,3/31/2025
178,23,C04BERTA,1.2,Payment,1087,5/2/2025
179,275,X4W2JDQY,1.1,Payment,2711,2/13/2025
180,752,J2PO5L0V,1.1,Transfer,14652,5/2/2025
181,196,5NYFRLKT,1,Deposit,8170,3/25/2025
182,898,ISVGPO0M,2,Transfer,2631,1/2/2025
183,533,7A9TGN4D,1,Transfer,2939,7/7/2025
184,513,NK6T7I2Y,2,Payment,1570,1/5/2025
185,202,VPBYSM73,2,Transfer,11909,8/30/2025
186,212,MC85LV24,1,Payment,5630,2/20/2025
187,187,6FW8MRL2,1.1,Payment,4192,9/6/2025
188,242,IWSOG2T1,1.1,Deposit,19547,1/23/2025
189,174,6HQCNXSP,1,Transfer,5447,6/28/2025
190,135,95L8WNTC,1,Payment,16092,2/2/2025
191,834,IN9BGXK4,1,Deposit,19037,1/24/2025
192,265,638LCUWI,1.1,Payment,11493,6/26/2025
193,698,9EZ106TS,1.1,Deposit,4934,12/26/2025
194,903,HMPZRNEI,1.2,Payment,6306,6/11/2025
195,89,P85JSTAN,2,Deposit,15512,3/12/2025
196,780,KHG4CI5L,2,Deposit,18279,10/6/2025
197,816,7G2VIR1W,1,Payment,19645,8/26/2025
198,671,ULVXW42Y,1,Payment,14242,6/23/2025
199,823,D8QWABTP,1.1,Payment,6029,2/6/2025
200,973,9MYU5W7B,1.1,Transfer,15081,10/5/2025
201,864,GYU16IHF,2,Transfer,8815,6/3/2025
202,980,FJX7AVST,1.1,Transfer,19638,5/6/2025
203,115,90EX64JQ,1.2,Transfer,11521,1/29/2025
204,590,4GOC0WJE,1,Transfer,7087,3/30/2025
205,347,C61OAXQN,1.2,Transfer,14506,7/14/2025
206,251,PXVYDM4H,1.2,Transfer,6232,3/28/2025
207,185,98M7JBR4,1,Transfer,5756,8/24/2025
208,692,KU3H9MXJ,2,Transfer,11761,8/15/2025
209,312,TI1MLUX2,1,Transfer,19792,2/26/2025
210,715,N3S1G067,1.2,Transfer,19364,7/22/2025
211,743,LNJVIEWR,1,Deposit,4228,4/14/2025
212,575,QWOXUCI1,1,Transfer,17042,1/20/2025
213,692,5KAD1MUL,1.1,Deposit,6106,11/18/2025
214,967,8MNKZLQ1,1.1,Transfer,14407,7/31/2025
215,196,Z1ECMQY4,1.2,Deposit,13886,3/17/2025
216,976,1Y0LV2RM,1.2,Payment,15056,4/5/2025
217,879,MKQ34Z6A,1.2,Payment,3925,9/17/2025
218,68,8BDCQIE1,1.1,Deposit,6895,2/28/2025
219,188,UT70K18D,2,Transfer,10057,1/28/2025
220,976,Q2S9E13Z,1.2,Payment,18947,3/28/2025
221,747,M1J5STDZ,1,Payment,5434,8/8/2025
222,512,1VQKO02P,1,Payment,15909,11/21/2025
223,827,JW510O6H,2,Deposit,7847,12/6/2025
224,860,0HTEDJ7W,2,Payment,12247,10/19/2025
225,930,QC3NOL97,1.1,Payment,10223,4/15/2025
226,695,R02X75VB,1,Transfer,7353,5/5/2025
227,38,U0CHIAN2,1.2,Payment,16118,6/12/2025
228,625,OZ5NWX6U,1,Deposit,13345,3/14/2025
229,206,BZGLIKS2,1.1,Transfer,7189,9/23/2025
230,992,5KOCV9HQ,1,Payment,13886,4/14/2025
231,71,ZW52KA7C,1.2,Deposit,738,3/22/2025
232,100,YH4KJGXP,1,Payment,9073,7/5/2025
233,326,Q43FR0ZO,2,Deposit,9883,6/5/2025
234,784,YC4UF38D,1.1,Deposit,16954,1/12/2025
235,962,H9YX63CE,1,Payment,18870,7/16/2025
236,148,KYW8JUMP,1.2,Payment,16256,10/8/2025
237,900,93XHZJSR,1,Transfer,13988,8/14/2025
238,555,JQU4KHVR,1.1,Transfer,14910,9/22/2025
239,954,IRYUQMFE,1.2,Payment,5914,2/28/2025
240,593,0Z2DQ3HF,1.2,Transfer,14978,10/29/2025
241,839,QRS4KHCJ,1,Deposit,14805,4/16/2025
242,123,D8G74HSY,1.1,Deposit,14246,5/8/2025
243,550,9QH3D5JN,1,Deposit,1264,7/22/2025
244,521,DUTREIVG,1.2,Transfer,9423,8/3/2025
245,788,YQ8WGI1V,1.1,Payment,17892,5/8/2025
246,754,H15JF7LC,2,Payment,15536,1/2/2025
247,649,QE10KH79,2,Payment,5823,8/10/2025
248,643,DUKAS61E,1,Payment,12129,6/6/2025
249,962,82RZ053X,1.1,Transfer,19537,2/19/2025
250,31,I3J8LZ2H,2,Payment,11310,8/2/2025
251,87,K42VWJ9R,1,Deposit,1939,2/12/2025
252,271,QCD4OY6A,1.2,Payment,19562,5/15/2025
253,13,LCPUO8BJ,1.2,Deposit,12134,8/22/2025
254,899,K8S407Q2,2,Transfer,18861,12/9/2025
255,457,QB4T9ZH7,1,Deposit,1015,4/27/2025
256,815,GMOAUDSX,1.2,Transfer,14408,4/23/2025
257,349,YASHVCWO,1,Payment,14986,12/30/2025
258,898,BSJ1Q079,1,Deposit,11911,9/2/2025
259,605,6E8M0ZLT,1,Transfer,902,11/21/2025
260,532,FTQX61OS,1.2,Transfer,17546,2/25/2025
261,876,M263V9HE,1.1,Transfer,756,2/23/2025
262,71,DQ6UOPEF,1,Transfer,14554,8/3/2025
263,123,LMBRIKZ0,1.1,Payment,14412,6/28/2025
264,96,VSB48YH9,1,Transfer,18512,5/13/2025
265,265,5RJ13FNO,1.2,Transfer,626,10/8/2025
266,867,PXIS091M,1.1,Deposit,2592,8/27/2025
267,237,KCU7IOLF,1.2,Payment,19108,6/19/2025
268,299,CJL68EKI,1,Transfer,11910,2/22/2025
269,354,94TU7YMV,1,Payment,11490,4/6/2025
270,354,G7OPEM52,1.1,Payment,18931,2/2/2025
271,881,F6JB15I0,1,Deposit,4646,12/15/2025
272,738,QW4FNA6Y,2,Transfer,15325,12/16/2025
273,37,PTS501FC,1,Deposit,16356,8/5/2025
274,522,4QS0ZUV5,1,Deposit,8096,5/2/2025
275,864,427A0DF9,1,Transfer,19955,1/13/2025
276,317,NMIW9KPS,2,Payment,12346,10/22/2025
277,15,Z7FIH3UG,2,Transfer,18573,11/22/2025
278,257,I6PQDRNF,1.1,Deposit,445,7/31/2025
279,672,Q5NFC4JZ,1.1,Deposit,6377,8/9/2025
280,943,QN3MS5F6,1.2,Transfer,6070,2/4/2025
281,842,9W3EROF2,1.2,Payment,14051,9/26/2025
282,132,OBLZUQAJ,1.1,Payment,16263,8/7/2025
283,931,FD6IH0UV,2,Transfer,4897,9/6/2025
284,989,EFO60XWV,2,Deposit,5589,6/13/2025
285,640,3SNH0JZR,1.1,Transfer,3501,3/15/2025
286,619,M7HTI5GN,1,Payment,12429,2/12/2025
287,679,PJ3V6BU2,2,Deposit,10302,8/14/2025
288,188,NVAHPUKM,1,Payment,6817,9/20/2025
289,112,DS6P1GKA,1.1,Deposit,13357,4/15/2025
290,132,BVHW1A3T,1,Transfer,6869,3/16/2025
291,710,KI3VNQTG,1.2,Transfer,1889,5/4/2025
292,60,INJ2Y10E,1.2,Transfer,8264,7/2/2025
293,999,6MI07SU1,2,Deposit,16420,6/20/2025
294,206,8LGR0KWY,1,Deposit,11322,6/4/2025
295,455,QZ6PD29X,1.1,Payment,14978,11/10/2025
296,406,TZ49OAVU,1.2,Deposit,6947,2/17/2025
297,254,LP49KGY5,2,Payment,15775,11/30/2025
298,641,C4OJB16S,1,Deposit,2068,3/17/2025
299,86,CUM7WEIT,2,Payment,6395,5/30/2025
300,71,QSX1TWKZ,1.1,Deposit,966,1/7/2025
301,990,V917BSUI,1.1,Transfer,10140,6/27/2025
302,493,4DLKUW6H,1.2,Deposit,11883,10/19/2025
303,977,NHK0YW9T,1.2,Transfer,15711,9/4/2025
304,578,8FDC3SIW,1,Payment,15458,9/30/2025
305,57,9N3W8V5C,2,Deposit,16160,2/4/2025
306,707,2C6BVHT9,1,Payment,5163,2/22/2025
307,961,OX2CAB1W,1,Transfer,3725,5/17/2025
308,139,SJ68194H,1.2,Transfer,11826,1/10/2025
309,460,IRB4X3U7,1.1,Deposit,8412,1/18/2025
310,254,YTUGHMK0,1.2,Transfer,19567,10/23/2025
311,684,E8LP4I7K,1.1,Deposit,19272,7/21/2025
312,413,DSE6MGA5,1.1,Payment,10109,7/24/2025
313,333,P1D3C0MY,2,Payment,7167,3/9/2025
314,187,F4DN1MSG,1.1,Deposit,15244,11/7/2025
315,862,U4PJRS62,1.1,Payment,7837,1/16/2025
316,118,D7296FSE,2,Payment,13305,7/6/2025
317,59,D7UME6GL,1,Payment,5709,8/16/2025
318,376,3HVKNL1S,2,Payment,3795,3/25/2025
319,640,SYBFL5JG,1.2,Deposit,18432,4/14/2025
320,303,190WIGCS,2,Payment,17130,6/29/2025
321,202,P3ZLUAC2,2,Transfer,4723,10/13/2025
322,1000,TSA2MRBK,1,Deposit,125,1/24/2025
323,804,ABNV52MS,1.1,Transfer,7064,4/27/2025
324,681,H0461YKX,2,Deposit,5249,3/15/2025
325,171,U1EHXBRP,2,Deposit,3820,6/26/2025
326,605,5H72JK8O,2,Payment,5387,12/19/2025
327,178,MWA3RJS0,2,Transfer,8389,5/6/2025
328,941,562ZQECX,2,Transfer,18690,12/3/2025
329,428,NRZAJ4UL,1.1,Deposit,1190,2/6/2025
330,571,F1ZQRB0T,1.1,Payment,19924,9/15/2025
331,188,23LHQ7U8,2,Transfer,6106,10/27/2025
332,485,VC4R85XM,1.2,Transfer,18946,6/13/2025
333,800,60OF5JQZ,1,Deposit,16930,10/14/2025
334,367,EFR1Q9NP,1.2,Deposit,13040,10/12/2025
335,907,UQ3X2CD5,1.2,Transfer,6916,5/4/2025
336,29,LC94QE70,2,Deposit,1270,8/8/2025
337,666,OW76QC8X,1,Deposit,2951,11/13/2025
338,579,LH01AYDC,1.2,Deposit,9533,10/28/2025
339,948,9R2PGE61,1.1,Payment,16633,3/16/2025
340,578,KB1FS7QL,2,Deposit,9696,8/4/2025
341,883,76KAZ91Y,2,Transfer,14967,4/4/2025
342,188,O6YU1PKT,1.2,Deposit,10952,12/24/2025
343,121,NCZ40XAY,1.2,Deposit,15563,1/6/2025
344,166,8BUDL3HJ,1.2,Payment,12971,11/23/2025
345,213,EDA1S65O,1,Payment,18030,3/28/2025
346,420,HMNCXGQP,1.2,Transfer,2540,4/8/2025
347,106,9HWNR72G,2,Transfer,12866,8/30/2025
348,209,Z6ARQUFI,1,Deposit,1190,2/16/2025
349,649,SP7KJ4MF,2,Transfer,2021,7/14/2025
350,177,S8RQFXOG,1.1,Transfer,11223,3/5/2025
351,767,1R0FJZ8E,1,Payment,5230,4/8/2025
352,105,5HV1CYAP,2,Deposit,9345,3/22/2025
353,906,KSI86C0Y,1.2,Deposit,15553,2/12/2025
354,377,Q8G6JM0K,1,Payment,15427,2/20/2025
355,567,4P92V385,1.2,Deposit,16268,12/26/2025
356,938,J7REFQH5,1.2,Payment,6179,3/24/2025
357,349,3VCN1OLD,1.1,Transfer,3004,2/24/2025
358,144,UTQ8L43I,2,Payment,13286,3/16/2025
359,629,D1N25GM9,1.2,Transfer,15535,6/26/2025
360,893,ZS3AYNHT,1.1,Transfer,4729,2/3/2025
361,378,ZLI0KA1Y,1.2,Payment,11268,9/19/2025
362,905,SXYD1KBR,1.2,Transfer,12516,12/6/2025
363,125,7QYI3JU0,1.1,Transfer,402,10/30/2025
364,341,C2RU8MVF,1.2,Payment,14856,4/29/2025
365,702,M087JG9B,1.1,Deposit,18507,9/26/2025
366,695,E6PS9WUN,1.2,Transfer,14650,1/20/2025
367,340,OI92R0VB,1,Transfer,12276,9/22/2025
368,674,B560IKRJ,1.1,Transfer,2941,9/23/2025
369,457,M2TY58QH,1.1,Transfer,18044,10/10/2025
370,601,8IHJPV6F,1,Deposit,14971,10/3/2025
371,408,BY0ASN7O,1.1,Deposit,13171,5/22/2025
372,654,6SE8JXW4,2,Transfer,18063,8/15/2025
373,402,NRE6ZDMP,1.2,Deposit,8543,1/21/2025
374,788,LS81POBF,1.1,Payment,18214,6/24/2025
375,178,TUYNGQKL,2,Payment,4168,6/14/2025
376,86,SGFWXRP6,2,Transfer,14350,10/16/2025
377,528,D26MO3KC,1.1,Payment,17095,11/9/2025
378,415,QLZ4N0W5,1.1,Payment,5704,7/1/2025
379,123,LGOS9XP0,1.1,Payment,16229,6/14/2025
380,735,BESXPZ1A,1.2,Payment,15076,11/16/2025
381,364,WT6BEFPZ,1,Transfer,11393,11/22/2025
382,650,VUKWPCMO,2,Deposit,5074,4/19/2025
383,50,QEGXWFM3,1,Transfer,1156,9/17/2025
384,813,ZE60PODM,1.2,Transfer,17941,11/10/2025
385,321,NUORH6LC,1.2,Transfer,15883,6/3/2025
386,349,UOTW0R19,1,Deposit,12093,11/18/2025
387,307,KSO6X0FJ,1.1,Deposit,4919,9/25/2025
388,831,VUND5FY3,2,Transfer,14400,5/7/2025
389,993,W5MRSHEX,1.2,Transfer,15046,2/18/2025
390,945,BMTLQN24,1.1,Payment,2595,3/31/2025
391,558,07IU6OE3,1.1,Payment,4182,7/16/2025
392,74,ON3GD21P,2,Transfer,15791,7/31/2025
393,716,185RCYPN,2,Payment,12237,7/30/2025
394,997,RAYCK9GD,1.2,Deposit,18922,4/22/2025
395,283,Y5NGLQWK,1,Transfer,3618,12/13/2025
396,387,C5YAEWDV,2,Deposit,617,3/14/2025
397,512,OIFSJE38,2,Payment,7684,6/26/2025
398,626,5T29JOYU,1.1,Transfer,15970,2/15/2025
399,929,JQRCGITX,1,Payment,7177,8/19/2025
400,293,TOH326ZN,2,Transfer,13429,1/31/2025
401,693,MKS2XNTW,1.2,Deposit,2625,4/27/2025
402,752,H1M5DGAB,1,Transfer,281,1/22/2025
403,551,OSZ1U8PW,1.2,Deposit,4825,7/31/2025
404,516,TWEU05LA,1.2,Deposit,6829,2/16/2025
405,73,DB5V6L4F,2,Payment,1006,12/10/2025
406,409,0SGVZ35I,1,Deposit,15037,7/26/2025
407,987,H1DZWBFR,2,Payment,15031,3/27/2025
408,956,M3TUQSWI,1.1,Transfer,6878,7/31/2025
409,771,F021MPGR,1,Payment,7645,4/17/2025
410,789,EWSA8MU6,1.1,Transfer,19704,2/10/2025
411,282,YXL6S354,2,Deposit,12352,5/13/2025
412,833,JU7FVYOA,1,Deposit,6636,5/10/2025
413,139,EMNXQPK3,1.2,Transfer,12730,4/2/2025
414,259,9PGQ3ODY,1.2,Deposit,8721,5/6/2025
415,978,G7HYXVID,2,Transfer,7472,8/14/2025
416,896,9KEB71OG,1,Payment,10574,6/28/2025
417,92,IN03E5FB,1,Transfer,14662,1/3/2025
418,268,AKG7LHZW,1,Transfer,13713,1/4/2025
419,207,OI24KT51,1,Deposit,9576,6/27/2025
420,811,6ZRMTDCL,1.2,Transfer,18189,4/12/2025
421,880,G6W93SIN,1.2,Payment,3722,10/17/2025
422,787,WVBCKI0E,1.2,Transfer,645,3/10/2025
423,142,TH0IJX6D,1,Deposit,14306,10/6/2025
424,183,16BGWQ2S,1,Transfer,19844,5/10/2025
425,189,V7B4UK16,1,Deposit,12449,1/26/2025
426,126,74LNHEKU,1,Payment,8966,2/2/2025
427,516,8LSHP321,1,Deposit,10943,11/19/2025
428,228,R43TS0BC,2,Deposit,4589,2/17/2025
429,326,A06Q27OP,1.2,Payment,12599,6/21/2025
430,232,MCTLE854,1,Deposit,2727,7/19/2025
431,865,1JCIW02Y,1,Deposit,15586,9/14/2025
432,133,36Q1EL9R,1.1,Payment,17651,8/3/2025
433,578,BK6723ZW,1.2,Deposit,9614,7/4/2025
434,777,UJYA6T4B,1.2,Transfer,5331,11/21/2025
435,212,EQV7O9ZU,1,Transfer,12539,7/25/2025
436,506,4RLFJQW7,1,Deposit,17050,2/20/2025
437,86,1I7HRVM5,1,Deposit,280,3/26/2025
438,73,4QF168HR,1.2,Payment,7780,1/15/2025
439,648,EVTZ27BL,1.2,Payment,3797,7/30/2025
440,446,9O6FVRZ3,1.1,Payment,34,4/3/2025
441,554,PLE0WFUJ,1.1,Transfer,13227,4/16/2025
442,956,IQY9V1TG,1.2,Payment,16700,4/28/2025
443,491,SNDQFYJZ,1.2,Deposit,13424,4/19/2025
444,960,JKZDO2N7,1.2,Payment,3775,2/7/2025
445,997,CG9TL82K,1,Payment,850,11/21/2025
446,229,6STWXK3J,1.2,Deposit,16564,8/17/2025
447,78,KJLM6UOR,2,Transfer,17816,9/23/2025
448,396,WOU87ZPA,1,Payment,12567,2/24/2025
449,617,7UCGI9L1,1.1,Deposit,10527,12/2/2025
450,717,B5ZUNHJE,1,Deposit,17258,12/30/2025
451,398,13VU0CI4,1.2,Transfer,19227,10/25/2025
452,88,A7E3TJ21,1.1,Deposit,1207,5/21/2025
453,773,3FMVQ84W,1,Deposit,734,12/21/2025
454,303,LKQFRDHI,1.2,Deposit,19663,5/29/2025
455,785,BHVJZNXE,2,Payment,7944,11/19/2025
456,688,EA1YQ3U8,1.1,Deposit,7930,1/2/2025
457,548,ONJPDRYE,1,Deposit,12259,12/20/2025
458,684,3UKGZESB,1.2,Payment,15071,6/11/2025
459,463,9VTRC0A7,1.1,Payment,7731,1/26/2025
460,701,58TB3VOP,1.2,Payment,3092,5/17/2025
461,420,L5MDGK9B,1.1,Transfer,10029,9/18/2025
462,147,FQYPUG7J,1.1,Deposit,9109,8/1/2025
463,863,STYHWCFO,2,Deposit,15924,4/10/2025
464,745,LJ8V3O4M,2,Payment,1597,12/9/2025
465,143,6MUYNDH1,1,Transfer,18136,9/5/2025
466,262,F6ZYC3JG,1.2,Transfer,9847,2/14/2025
467,925,SUA4G8N3,1,Payment,16032,4/2/2025
468,892,8WGFOZIE,1.2,Transfer,15952,11/5/2025
469,861,VE9NDIS1,1.1,Transfer,11847,2/20/2025
470,437,2KYR5ZWT,1.1,Payment,8097,6/2/2025
471,452,0QKFNAJ5,1.2,Transfer,12849,8/14/2025
472,832,BG8O7TR9,1.1,Payment,17811,3/25/2025
473,311,M6SLIDXA,2,Deposit,6192,3/16/2025
474,148,UWBKZ5FS,1.1,Deposit,10854,12/29/2025
475,178,TYQF2GBI,1.2,Payment,2929,7/18/2025
476,713,L4RZIC7U,1,Transfer,1203,8/9/2025
477,709,PWSBHYL5,1.1,Deposit,10103,7/25/2025
478,966,IBRVGEUJ,2,Payment,14457,6/9/2025
479,379,LDC3SVRQ,2,Deposit,1604,7/9/2025
480,402,H8S5LZ1Q,1,Transfer,3053,9/5/2025
481,243,C0U2BT5G,2,Deposit,4868,8/14/2025
482,7,497SQ1TI,1.1,Transfer,3027,2/15/2025
483,178,SHN4B0MX,1.1,Payment,19854,4/25/2025
484,819,R6EQ4P2O,1.2,Deposit,14787,4/21/2025
485,233,NFG0A7M6,1.1,Deposit,9719,2/11/2025
486,635,KEAVHF3M,1.2,Transfer,3537,6/18/2025
487,1,59YVXASB,2,Payment,1427,5/6/2025
488,305,UXIOW6EH,2,Transfer,5244,1/4/2025
489,468,803AFWOR,2,Payment,18167,7/31/2025
490,973,4HCDKPTO,1,Payment,5317,8/2/2025
491,990,QTG3MK1S,1,Payment,7783,1/18/2025
492,275,0VU6KZQF,1.1,Transfer,15973,1/7/2025
493,638,7XG8U1D6,1.1,Payment,11749,3/12/2025
494,740,CTXF3IQK,1,Deposit,4009,1/28/2025
495,641,UWRFCOKH,2,Transfer,16279,11/2/2025
496,599,4SYHP9KN,1.1,Payment,13663,12/26/2025
497,733,UIAQLJOK,1,Deposit,11434,7/8/2025
498,179,OYFKW9IA,1,Deposit,1281,10/3/2025
499,442,L6CE1DYS,1.2,Payment,1430,7/9/2025
500,574,FNTHB9UY,1.2,Payment,837,4/8/2025
501,427,37XFG16J,1,Deposit,5510,7/1/2025
502,879,WJ8MKOF4,1.1,Transfer,11710,9/3/2025
503,992,XFQ7WVGY,1.1,Deposit,1203,10/27/2025
504,827,WU9BSKPF,1,Payment,17070,12/30/2025
505,254,3415IA2L,1.2,Transfer,6066,7/30/2025
506,882,3B4P81R7,2,Transfer,19953,6/6/2025
507,249,XN9LPB18,2,Deposit,6443,12/14/2025
508,138,CL52F7NM,1.2,Deposit,4212,8/1/2025
509,71,CYWS47GV,1,Transfer,17005,11/18/2025
510,433,IVX9PAW1,2,Payment,15345,11/11/2025
511,601,KCIHMO62,1.2,Payment,18523,6/5/2025
512,346,XGJ2Y4P3,1,Deposit,7823,10/27/2025
513,913,WB46QOC8,1,Transfer,5902,10/2/2025
514,432,TGDC9NW5,1.1,Transfer,15890,7/11/2025
515,303,K6NL12BZ,1,Deposit,3902,10/28/2025
516,767,X1RLM307,2,Transfer,13771,4/25/2025
517,779,QENFLKYJ,1.2,Deposit,578,7/31/2025
518,692,9QG6TWX5,1.1,Payment,1343,8/11/2025
519,709,MGCQF9KN,1,Payment,446,9/4/2025
520,966,JYFCBVIG,1.2,Transfer,15742,1/18/2025
521,85,ZVW7PSKX,2,Payment,8701,5/12/2025
522,462,5BEZ128P,1.2,Deposit,8739,9/3/2025
523,220,IEYCAVPZ,2,Transfer,341,10/23/2025
524,616,GF7I0LUJ,1.2,Transfer,1339,8/20/2025
525,285,6ONA2X9W,1.2,Payment,3563,6/8/2025
526,806,Q3H721ZK,1.1,Payment,8579,12/28/2025
527,134,KR64MWJ0,1.1,Payment,2944,5/26/2025
528,287,FGJSORMW,2,Deposit,3772,8/2/2025
529,709,8YD7HGU3,2,Payment,2808,1/12/2025
530,467,8MPXH3EV,1.1,Deposit,3778,5/11/2025
531,976,NKYU8AHI,1,Deposit,1120,6/16/2025
532,849,VTSNFLBM,1.2,Payment,9361,8/10/2025
533,20,346IKNTC,1.2,Deposit,16206,3/25/2025
534,485,CVHPMFU7,1,Deposit,13115,11/21/2025
535,884,FT0MD3EA,1,Transfer,5789,9/19/2025
536,645,N2FMVUHJ,1.2,Deposit,10547,4/11/2025
537,36,1C3ORUEB,1.2,Payment,13858,7/10/2025
538,747,TL7RKG0Q,2,Transfer,7954,7/19/2025
539,151,UDI49LKJ,1.2,Transfer,19417,10/19/2025
540,23,HN7Q9BSO,2,Transfer,119,4/3/2025
541,208,QHWOV8B1,2,Transfer,15750,7/31/2025
542,399,ZG672DHY,1.2,Transfer,3518,4/26/2025
543,768,6W5TQ9HV,1,Payment,11524,1/28/2025
544,570,5P1CI2TO,1.1,Payment,8449,10/1/2025
545,700,DIXYFLTO,1,Deposit,2677,3/7/2025
546,638,U5LXR048,1.2,Transfer,2998,2/8/2025
547,427,3A6MVBI4,1,Transfer,13793,10/27/2025
548,797,8ZWMTVLC,1.2,Transfer,13479,7/23/2025
549,188,RYA039IL,1,Transfer,16244,6/20/2025
550,844,6ROSFBDK,1.2,Deposit,15827,3/28/2025
551,840,30M1HNRG,1.1,Payment,19047,5/6/2025
552,340,OFU75GN9,1.2,Transfer,12644,11/22/2025
553,472,OSUMLETH,1,Transfer,15062,7/5/2025
554,431,0IHJSRFZ,1,Deposit,19017,5/5/2025
555,271,N2JRCY8U,1.1,Transfer,6980,10/21/2025
556,556,42ZIYUB6,1,Transfer,19240,5/29/2025
557,369,QD395702,2,Payment,8855,10/24/2025
558,170,J9KMSAE6,2,Transfer,9764,7/3/2025
559,970,PX8G3960,1,Payment,18858,6/14/2025
560,311,WF6OQ8RJ,2,Payment,11250,1/8/2025
561,323,8QABK906,1.2,Transfer,13981,2/25/2025
562,110,7TE6WRAS,2,Payment,12884,12/29/2025
563,909,B0WUZ8YI,1.2,Deposit,1595,5/2/2025
564,832,GA1LB5FR,1.1,Payment,18239,12/10/2025
565,375,IB3TXA24,1.1,Transfer,6820,12/30/2025
566,198,ISNJLO6K,1,Payment,16685,11/5/2025
567,116,FRH0VQAO,1.2,Transfer,13272,3/30/2025
568,590,E24C8NG0,1,Payment,9085,11/5/2025
569,96,2LBNFPD4,1,Deposit,16920,9/4/2025
570,145,32D6PVFT,1.2,Transfer,3119,1/2/2025
571,422,8GXQT637,1,Deposit,5160,3/5/2025
572,860,0NZEQYMH,1,Transfer,19720,3/26/2025
573,961,I8UX6HR5,1.2,Deposit,1938,1/3/2025
574,646,3BFMPAWO,1,Payment,18185,6/4/2025
575,634,7Y28LM5B,1.2,Deposit,17182,10/27/2025
576,834,1G0R3JPV,1.2,Payment,19325,4/29/2025
577,19,EQ0NIWXG,1,Deposit,19140,4/2/2025
578,268,XYC1KNWT,1,Payment,14176,6/28/2025
579,158,3SE0TX9Z,1,Deposit,16687,2/24/2025
580,573,8CKOFLR2,1,Payment,14115,1/25/2025
581,643,0IP3A4G2,1,Transfer,11085,11/29/2025
582,930,6427CXOA,1.2,Deposit,11294,8/26/2025
583,447,F46A0J2M,1.2,Payment,13205,9/27/2025
584,354,FVKQ5R7I,1.2,Payment,9050,2/23/2025
585,380,GRHIO2P6,1,Payment,4983,2/24/2025
586,552,I2FHU91B,1.2,Deposit,7499,9/26/2025
587,478,QF7U9JS4,1,Transfer,7300,11/20/2025
588,856,F81RPDIX,1.2,Transfer,4509,8/6/2025
589,23,YOG3EXJV,1.1,Transfer,12790,5/14/2025
590,589,3YQ0N7WK,2,Deposit,16752,12/30/2025
591,403,42LAO3FK,2,Payment,9368,1/16/2025
592,693,E94JQO1P,1.1,Payment,14593,5/31/2025
593,163,W92QDCET,1.2,Transfer,16550,6/5/2025
594,543,C0JEN43Z,1.1,Transfer,16355,3/18/2025
595,274,I91WGFVL,1.2,Payment,5703,10/6/2025
596,816,M7SQVG2E,1,Payment,15201,6/18/2025
597,251,GZ8N4SY0,2,Payment,1303,1/7/2025
598,192,VE5N1HP9,2,Deposit,5721,11/5/2025
599,470,LOXWS4ZP,2,Transfer,14428,1/4/2025
600,334,D5K9J0VI,2,Deposit,10630,5/21/2025
601,805,HV8WKQPS,2,Deposit,6730,10/31/2025
602,947,N74JDTKF,2,Transfer,15557,4/15/2025
603,967,1D2EW5RX,1,Deposit,13950,1/28/2025
604,701,FW4DSNI2,1.1,Deposit,15119,9/8/2025
605,627,MZP7398L,1,Deposit,13514,4/4/2025
606,292,KBSGMOHQ,1.1,Payment,18075,3/13/2025
607,891,XUK6B3IW,1.1,Payment,8516,6/26/2025
608,944,T7ZYLOE1,1.1,Payment,12572,4/21/2025
609,980,XJB82VYT,1.2,Payment,4957,9/7/2025
610,94,2EPC60D1,1.1,Payment,11961,1/25/2025
611,64,YT2EMO6R,1,Payment,17835,11/16/2025
612,718,ATLF65Z1,2,Payment,15492,10/20/2025
613,33,6O5T21N9,1.2,Transfer,685,7/16/2025
614,88,QGC73FYT,2,Transfer,1026,9/22/2025
615,368,QG064Y9H,1.2,Payment,16672,8/22/2025
616,970,3PQDV1UN,1.1,Payment,13388,12/26/2025
617,324,WZ82URDQ,2,Transfer,7122,4/19/2025
618,487,YO5XQSLP,1,Payment,7127,4/14/2025
619,760,R7F59LIX,1,Payment,6885,7/8/2025
620,734,N38UYXIE,1.1,Deposit,11989,2/26/2025
621,431,8FQC90I2,1.1,Deposit,17701,12/19/2025
622,710,WZ0753GD,1,Payment,8328,2/1/2025
623,635,0VB4PJDY,1,Payment,11994,11/23/2025
624,651,JEB6H5NR,1.1,Transfer,10562,6/17/2025
625,970,9F705VYQ,1.1,Transfer,17348,3/22/2025
626,310,1A95TVEO,1.1,Transfer,17504,1/28/2025
627,621,3BQ56EU1,2,Deposit,9746,12/8/2025
628,14,7ID58QAC,1.1,Payment,14564,2/11/2025
629,606,4FITYECV,1,Deposit,14937,12/26/2025
630,396,7FML54AR,1,Payment,2247,1/5/2025
631,748,ZIRT2PHM,1.2,Payment,2840,3/14/2025
632,325,O54FCIMT,1,Transfer,13716,1/11/2025
633,676,TSORGZW3,1.2,Transfer,7445,2/10/2025
634,272,3V5XBZTW,2,Deposit,12880,8/28/2025
635,415,WVKTJRSM,1,Deposit,4361,1/4/2025
636,537,EAXCNB1Q,1.1,Transfer,17536,8/10/2025
637,130,MEHT3Q6Y,2,Deposit,10387,11/13/2025
638,176,Z7518RDW,1.1,Transfer,1310,11/13/2025
639,370,US32BKYD,1.1,Payment,9576,4/25/2025
640,20,3PK7IE0U,1.2,Payment,1839,3/5/2025
641,997,XM0OIKR8,1.1,Transfer,4904,12/5/2025
642,784,UAOVN2B8,2,Payment,12073,1/13/2025
643,280,5Z6XUKT1,1,Payment,16064,10/27/2025
644,305,J6UPWECY,1.1,Payment,16190,11/13/2025
645,205,GKNP0F8E,1,Transfer,18936,12/30/2025
646,348,4KBHW6GO,2,Payment,3016,5/22/2025
647,912,1XRVYKQT,1,Payment,7593,2/21/2025
648,818,P38Z1E0Q,1,Transfer,4134,12/19/2025
649,740,VSBKLF18,1,Deposit,1568,1/31/2025
650,638,WJ8AEP7Z,1.2,Deposit,18266,3/2/2025
651,704,OKL4C9MI,1.2,Deposit,8722,10/13/2025
652,935,5PUQSX86,1.1,Transfer,9728,4/4/2025
653,307,76KAVIDN,1.2,Transfer,12788,6/23/2025
654,5,FYCXNO6K,1,Deposit,10241,8/17/2025
655,332,IBJ564QA,1,Transfer,7969,9/1/2025
656,512,KPUJMSQ4,1.2,Payment,1353,8/24/2025
657,177,QBTZ3P58,1.1,Transfer,8487,10/9/2025
658,820,FGHOIW9P,1.2,Deposit,12789,8/7/2025
659,687,SX5WK23N,1.2,Deposit,19021,9/17/2025
660,109,MYVOFLCI,1.2,Deposit,417,6/7/2025
661,43,UAHW9GEN,2,Payment,10104,5/18/2025
662,813,A09G23FK,1.2,Transfer,13968,3/6/2025
663,336,Q4CJYSH8,1.2,Transfer,3635,11/4/2025
664,53,57YSEWRI,1.1,Payment,17296,1/16/2025
665,203,XK47MHSU,1.2,Deposit,16894,10/21/2025
666,90,XSLZB53T,1,Deposit,19157,9/15/2025
667,59,YA4MLHO6,1.1,Payment,10894,6/25/2025
668,241,VNILE2BP,1.1,Deposit,12315,10/26/2025
669,633,L6C3M7KJ,1,Deposit,6056,10/9/2025
670,246,5KJQ0ZUV,1.1,Payment,7549,6/16/2025
671,984,EF7T2QI8,2,Transfer,8184,9/29/2025
672,904,AHL3QRXM,1.2,Transfer,11886,6/15/2025
673,576,SA0DZRBO,1.2,Transfer,14956,5/6/2025
674,450,Q2VA4FDX,2,Payment,17130,3/21/2025
675,258,DK9A4YB1,2,Deposit,2117,2/23/2025
676,982,QZIOFGLC,2,Transfer,13955,9/30/2025
677,253,75YBSDZE,1,Transfer,11858,9/22/2025
678,20,3GU0CN7E,2,Deposit,15650,7/10/2025
679,241,4K0G98AS,2,Deposit,15035,3/26/2025
680,523,DYS6H19K,1.2,Payment,7860,4/27/2025
681,422,NTOV1EUA,1.2,Transfer,8944,4/15/2025
682,883,O80GKPIB,1.1,Deposit,11196,3/1/2025
683,456,FSIPEC31,2,Transfer,7835,9/3/2025
684,358,UT9B4EHG,1,Deposit,12489,5/22/2025
685,603,HZ46S32W,1.1,Transfer,11593,5/18/2025
686,210,9XV7JDBQ,1,Payment,12786,11/13/2025
687,776,V2NJ4UDE,1,Transfer,13768,3/30/2025
688,770,VQTLR8D1,1.2,Transfer,19188,4/6/2025
689,501,SJQZU0RB,2,Payment,15414,12/9/2025
690,35,JKW4OU07,1,Payment,10198,11/1/2025
691,100,QECD23TV,1.2,Payment,10322,5/22/2025
692,87,NA6TYFWM,1.2,Deposit,15497,7/12/2025
693,428,ANF2BL5J,1,Transfer,18638,3/3/2025
694,619,DA4P076T,1,Deposit,19963,12/1/2025
695,670,4FRMY30W,2,Transfer,7866,9/29/2025
696,90,ITE57S1K,1.2,Deposit,11125,11/27/2025
697,470,YGBNEO0D,1.1,Deposit,11695,12/10/2025
698,258,QIPZB7H0,2,Payment,9879,9/28/2025
699,560,1NCV2BZK,2,Transfer,14593,9/2/2025
700,626,0Y8B13VK,2,Deposit,15743,6/12/2025
701,27,72EC0FWP,1,Deposit,13955,7/12/2025
702,817,HGI62VSW,2,Transfer,1848,9/26/2025
703,959,TDEC5N94,1.1,Payment,16652,10/1/2025
704,159,UGYR47KX,2,Payment,10818,12/5/2025
705,783,PCRT760U,2,Transfer,7843,8/27/2025
706,297,HQCVJ6YU,1.2,Deposit,8915,4/2/2025
707,349,JMDUWPRB,1.2,Transfer,17682,10/31/2025
708,168,R3PLZDH6,2,Transfer,11365,9/10/2025
709,619,2MKWELB8,1.1,Payment,13303,7/3/2025
710,414,0P3FY8QV,1.2,Transfer,1516,8/24/2025
711,7,TCKVQIH0,2,Transfer,16180,9/1/2025
712,309,ZGTWU57I,1.1,Transfer,12797,12/17/2025
713,756,ULA0759O,1,Payment,9125,8/7/2025
714,722,321IN4BF,2,Payment,3802,2/17/2025
715,993,129VF4XE,1.2,Transfer,3520,9/5/2025
716,720,489VOHSN,1.2,Payment,9938,6/2/2025
717,837,A412GJRP,2,Transfer,11018,6/27/2025
718,502,INUM369K,1.1,Payment,908,3/27/2025
719,169,MQ9X082T,1,Deposit,6604,7/11/2025
720,591,J7UVXRDZ,1,Transfer,7987,5/12/2025
721,363,QYL02XD1,2,Deposit,12565,10/31/2025
722,712,K87V9ZOA,1.2,Payment,12037,1/3/2025
723,10,H9GRKNJW,1.1,Transfer,8722,1/11/2025
724,623,7BQ3NPWA,2,Deposit,19247,8/28/2025
725,356,4P0Q5WL9,1.1,Payment,13714,8/11/2025
726,787,4BTFJ9ZY,1,Transfer,8171,12/5/2025
727,621,TFM7YHO6,1.2,Transfer,6936,4/12/2025
728,303,A2BDINP7,1.1,Deposit,6106,9/9/2025
729,101,6US1HBDX,1,Payment,7823,5/19/2025
730,299,GHZPVYL0,1.2,Payment,13234,7/3/2025
731,269,IZE8S6LC,1.1,Transfer,11656,2/28/2025
732,490,ORNJ2PUI,1,Transfer,9108,3/19/2025
733,488,FLMED50C,1.1,Deposit,13748,4/5/2025
734,659,MI9KVPRB,2,Deposit,9747,10/16/2025
735,603,T4ZEN36J,1.1,Deposit,5425,2/25/2025
736,993,4ZUCHIDQ,1.1,Deposit,9898,11/16/2025
737,596,KU7WD3SE,2,Deposit,11924,1/28/2025
738,225,C967R12O,2,Deposit,2747,12/7/2025
739,533,1Q0G327L,1.1,Deposit,18160,1/13/2025
740,970,ZS2IJQYF,1.1,Transfer,5529,8/6/2025
741,647,VE2IKG8P,1.1,Payment,11770,1/29/2025
742,880,0FE71QN9,1,Payment,17957,12/29/2025
743,906,MOQC34J2,1,Deposit,16530,9/1/2025
744,446,VHMPDI63,1.2,Payment,10429,4/27/2025
745,843,29C3TDZR,1.1,Deposit,19667,7/14/2025
746,750,HSDCVML7,1.1,Payment,11428,1/6/2025
747,383,H683S1CN,1,Deposit,6037,2/6/2025
748,22,9PZKHBEL,1,Transfer,19875,11/7/2025
749,1,IA9421OY,1.1,Deposit,9529,1/8/2025
750,931,FMJX2CWV,1.1,Deposit,18862,4/18/2025
751,116,6SFRLIZQ,1.2,Payment,15342,3/18/2025
752,921,GREUYN8P,1.2,Payment,19901,11/28/2025
753,31,OC326M0S,2,Deposit,5228,10/4/2025
754,604,UWJGOHF9,1.2,Deposit,9613,4/19/2025
755,75,W2M04R3Y,2,Transfer,12561,12/4/2025
756,316,54E3Y68D,1.2,Payment,2798,6/30/2025
757,521,O89462MH,1.1,Transfer,3296,3/1/2025
758,634,49DZRUTP,1,Deposit,8382,5/25/2025
759,765,QR12LC75,2,Payment,5510,2/21/2025
760,804,VBGQLFH0,1,Deposit,7047,7/22/2025
761,499,U367J4WO,1,Payment,11169,2/1/2025
762,127,XU5WNQ9Y,1.1,Payment,11746,12/11/2025
763,203,QIPTJG7O,2,Payment,5099,1/1/2025
764,178,HDRTPEC1,2,Transfer,13971,11/16/2025
765,560,KYBZ3OG4,2,Deposit,2666,8/13/2025
766,204,ZODT0N1I,1.1,Payment,9161,2/13/2025
767,325,F8TNC1W6,1.1,Deposit,3557,2/24/2025
768,776,W2FJP369,1,Transfer,6484,10/26/2025
769,110,71UB0K8T,1.1,Transfer,15707,3/17/2025
770,750,8SAXZMUR,1.1,Payment,2968,12/18/2025
771,648,Y3GE5SPZ,2,Deposit,9607,3/23/2025
772,685,WDST84BR,2,Payment,7188,9/17/2025
773,548,KSMGLBCV,1.2,Deposit,14813,6/7/2025
774,303,KN8EL2T6,1.1,Deposit,14012,2/10/2025
775,521,LYAB70UQ,1.2,Deposit,7671,1/5/2025
776,778,V9O6DJGK,1,Deposit,5955,3/8/2025
777,606,6L3Z5FTN,1.2,Payment,6091,10/8/2025
778,707,XW5UBOMC,1,Deposit,15524,6/4/2025
779,453,4QS8526K,2,Payment,73,7/29/2025
780,85,P6X5EQBI,1.1,Transfer,1047,10/21/2025
781,501,RENQUJSB,1.2,Deposit,1113,4/8/2025
782,3,RQ09LOAE,1.1,Transfer,12385,2/4/2025
783,749,EIP973AQ,2,Deposit,306,3/6/2025
784,282,QXM1ZWY6,2,Deposit,12317,11/26/2025
785,505,47BFU09W,2,Deposit,17400,7/24/2025
786,56,JXGSA4L8,2,Transfer,1491,5/20/2025
787,901,6O5KPAML,1.2,Transfer,5490,6/8/2025
788,884,3JW61FVE,2,Transfer,7643,2/27/2025
789,227,UXNEKQTF,2,Transfer,13985,8/17/2025
790,736,H3OKARV0,1.2,Payment,14541,6/28/2025
791,788,BWZ405DY,1,Transfer,3500,6/15/2025
792,124,KR4CFN7O,1.1,Transfer,16466,5/12/2025
793,818,1Y4ZNX5L,1.1,Payment,1008,4/27/2025
794,715,5MZ2HNLK,1,Deposit,8167,4/9/2025
795,418,WUDC7GH3,1,Transfer,4848,8/11/2025
796,897,68Y7NUPB,1,Transfer,8586,12/4/2025
797,242,5HCD7ENF,1.1,Payment,11606,2/20/2025
798,138,4T62DY3A,1,Transfer,8831,11/21/2025
799,364,TJA9FI3B,1.1,Payment,4312,2/25/2025
800,520,PUTV0AES,1.1,Payment,14545,6/29/2025
801,327,572P4ZLM,1.2,Payment,10365,10/4/2025
802,299,TGY9H7M3,1.1,Deposit,8284,7/15/2025
803,816,CJND59WV,1.1,Transfer,3170,10/9/2025
804,360,7DWS9GAR,1.1,Deposit,14705,11/28/2025
805,242,PDMV56QS,1.2,Transfer,1019,8/13/2025
806,179,V5KTLZQ0,1.1,Deposit,2788,5/21/2025
807,156,NQUXR67B,2,Transfer,10283,1/28/2025
808,836,EX5GDK0J,1.1,Payment,16146,4/7/2025
809,703,5KG3N0W8,1.2,Transfer,4829,4/12/2025
810,387,L4I1SFG3,1.2,Payment,1555,12/25/2025
811,554,TR2CSKN0,1.1,Deposit,10443,10/16/2025
812,586,6XJH4P9D,1.1,Transfer,17400,3/20/2025
813,805,N1AX82I9,1,Transfer,14080,4/14/2025
814,998,ANCPQXWV,1,Payment,1407,9/2/2025
815,844,J8I5A1LS,1.2,Transfer,5882,11/11/2025
816,803,Q59R1VWT,1.1,Deposit,2180,4/28/2025
817,910,8CE2AQVP,1,Transfer,11756,6/7/2025
818,213,N4GACBFP,1,Transfer,10580,6/24/2025
819,881,GD56T4RK,2,Transfer,9019,3/29/2025
820,878,D8U5LB69,1.2,Transfer,19143,4/16/2025
821,999,H5Y8WBX3,1.2,Transfer,6307,3/6/2025
822,919,XUB8AWT5,1,Transfer,16950,2/4/2025
823,230,TXK53E46,1.1,Deposit,15939,2/11/2025
824,407,MQCB4X1I,1.1,Deposit,12975,6/18/2025
825,170,6KFPMQ32,2,Payment,15332,1/17/2025
826,902,2KQLHBWC,2,Deposit,463,6/3/2025
827,701,2QB9ZRTL,2,Transfer,6738,9/17/2025
828,751,72KA6WOQ,2,Transfer,15496,4/13/2025
829,313,EUX130DK,1,Deposit,7363,12/7/2025
830,279,179XJKR0,2,Payment,13761,11/26/2025
831,104,84WQ65N3,2,Payment,5252,8/3/2025
832,364,J7X5YL2H,1,Payment,11810,3/17/2025
833,411,OBQUFKV2,2,Payment,10868,3/23/2025
834,709,TIPG2S47,1.2,Payment,12038,8/31/2025
835,276,64ZLUWA2,1,Transfer,18772,9/7/2025
836,845,EO6JWH5G,1.2,Deposit,11560,8/5/2025
837,527,2SB9CLRX,1.2,Transfer,261,10/13/2025
838,202,9SYXKQ40,1.2,Transfer,13505,7/22/2025
839,226,8WQ5AZ37,1.2,Deposit,6774,10/7/2025
840,543,IXTDQO21,2,Deposit,10353,1/12/2025
841,701,EJD53FRG,1,Payment,747,10/7/2025
842,282,XJ1I93HR,1.2,Deposit,16976,5/22/2025
843,1,5KA1SW32,1.1,Deposit,8482,3/9/2025
844,944,810VTCJU,2,Transfer,10088,12/25/2025
845,529,Q9NT3AGE,1.2,Transfer,1187,4/3/2025
846,367,NZKDL58Y,1,Deposit,4824,4/6/2025
847,846,06FSQOC5,1,Transfer,4872,10/27/2025
848,676,DANSW69F,2,Transfer,9493,4/2/2025
849,409,FS2R6UAQ,1.2,Payment,15582,6/7/2025
850,764,ITZP3EYO,1.2,Transfer,5402,5/14/2025
851,632,7B50TVHU,1,Payment,6314,10/17/2025
852,201,SLNMXTP1,1,Deposit,4673,5/3/2025
853,943,N63MD5JG,1.1,Payment,17419,10/3/2025
854,516,ZW25JQBC,1.2,Deposit,5293,3/16/2025
855,579,QGUBO9Y0,1,Transfer,10991,5/9/2025
856,62,UYNMSLP7,2,Deposit,10513,2/8/2025
857,489,O7PH1RY4,1,Payment,12121,10/25/2025
858,39,04J1ICYX,1.1,Deposit,19086,10/3/2025
859,134,VKSGO32F,1.2,Transfer,9428,12/29/2025
860,150,N0M62PST,1.1,Payment,307,9/24/2025
861,505,SYIPAV09,1,Payment,9934,11/5/2025
862,229,DT78VR6A,1.1,Transfer,9544,6/11/2025
863,174,YHACS7GU,1,Payment,9416,10/7/2025
864,810,YHGA43E9,1,Deposit,11033,6/9/2025
865,882,US0K28NA,1,Deposit,8920,7/15/2025
866,238,ZGBEMRVP,1.1,Deposit,10388,5/8/2025
867,122,JBSDCPL8,1.1,Deposit,4014,5/25/2025
868,329,J2TM76PU,1.1,Payment,2515,2/22/2025
869,501,R4MLC5B1,1,Payment,17004,1/5/2025
870,570,E2MDU65K,1,Transfer,8251,11/3/2025
871,795,K08X5TNV,2,Deposit,10785,2/12/2025
872,73,CY1RNJB9,1,Transfer,10697,9/14/2025
873,754,X7VO06KG,2,Transfer,8046,3/27/2025
874,522,SCJF82O7,1,Transfer,19232,11/1/2025
875,945,7XINL023,1.2,Transfer,2362,11/6/2025
876,776,9LF01DYQ,1.1,Deposit,12576,6/14/2025
877,883,5M4S7ZGF,1.1,Deposit,3902,6/28/2025
878,960,1OGNUX5R,1,Deposit,1912,1/28/2025
879,837,1RL795GN,1.1,Payment,16074,8/7/2025
880,756,RKSUT01G,1,Deposit,17542,7/8/2025
881,808,5JFLK7Z6,1,Transfer,18879,7/19/2025
882,870,4UP05QLT,2,Payment,7760,9/23/2025
883,928,Z894MVX6,2,Transfer,3060,4/24/2025
884,995,LU61MFQP,2,Deposit,2485,7/23/2025
885,627,ZAM6NTBS,1.2,Deposit,15534,4/16/2025
886,427,OCHR04FP,2,Deposit,13567,1/23/2025
887,619,AK4I5GJM,1.1,Payment,17618,11/26/2025
888,14,GT9B5JWD,1,Payment,14951,1/22/2025
889,70,07SOT29J,1.1,Payment,6606,8/2/2025
890,886,1BEMICVD,2,Deposit,8377,4/26/2025
891,965,GIF5H8BW,1.2,Deposit,11368,5/25/2025
892,526,6850UHPT,1.2,Payment,18866,8/27/2025
893,393,N2UTF5LR,1,Deposit,1828,4/2/2025
894,758,P35SNICJ,1.1,Deposit,2927,8/28/2025
895,796,9SW75UF0,1.1,Deposit,18281,7/5/2025
896,761,92604O5B,1.2,Payment,9011,2/3/2025
897,90,7POI1GW6,1.1,Deposit,15500,1/14/2025
898,280,60TP3Z4E,2,Transfer,18903,5/16/2025
899,651,P7CE385R,1,Payment,290,12/4/2025
900,219,R8QO91MJ,1,Deposit,10060,6/6/2025
901,658,85UNHO91,1.2,Payment,11234,1/2/2025
902,544,R3GZ26DK,2,Transfer,8440,4/27/2025
903,812,BZC7J4GL,1.1,Deposit,19664,7/4/2025
904,697,3LIYFUWH,1.2,Deposit,3644,6/17/2025
905,666,GFA0SIV5,1.1,Deposit,12580,5/24/2025
906,211,CIBTL03Q,2,Transfer,19402,5/15/2025
907,113,T0H4JOAX,1,Payment,19360,4/16/2025
908,140,9LFI0MUP,1.2,Payment,13397,3/11/2025
909,103,52B96Z0V,1.2,Deposit,11735,2/18/2025
910,913,8FICLKNT,1,Deposit,12651,2/13/2025
911,900,J376CHT2,1,Payment,18698,8/19/2025
912,476,SVEFZB4P,1,Transfer,17354,4/15/2025
913,579,S7LGMUAD,2,Payment,12345,4/9/2025
914,899,2M0KWUPV,1.2,Payment,617,3/2/2025
915,865,6MGARCSK,2,Payment,7449,2/27/2025
916,741,WIBU705J,1.1,Payment,19552,9/10/2025
917,381,8I1S7VF2,1.2,Deposit,18593,4/7/2025
918,757,7CKQFG3Y,2,Transfer,13691,12/1/2025
919,691,BFC03GR6,1.2,Transfer,15558,11/25/2025
920,32,6QYVPB93,1.2,Transfer,16706,5/6/2025
921,369,H4RSF9M0,1,Deposit,11469,11/2/2025
922,158,09JXYU8D,1.1,Transfer,18424,5/30/2025
923,25,KF7RYSXT,2,Transfer,1281,9/14/2025
924,131,BCN0Y91E,2,Transfer,14005,7/5/2025
925,486,G5DESY3X,1.2,Deposit,2911,5/24/2025
926,711,7N3OPLIV,1.2,Payment,4907,2/28/2025
927,76,0PUQI4YN,1,Payment,18947,5/12/2025
928,632,4PAS6BJ7,1,Deposit,5412,5/19/2025
929,54,ZDRQP9FK,2,Transfer,15512,1/29/2025
930,824,UF1R5D92,1,Deposit,8947,4/8/2025
931,952,SJ1D0TZ9,2,Deposit,7204,12/7/2025
932,146,NUMJ1OTY,1,Payment,3846,4/6/2025
933,777,SZL7UG6O,1.1,Payment,10618,7/21/2025
934,306,Y3G2Q8DC,1.1,Transfer,16943,5/1/2025
935,118,HGTB439M,2,Deposit,15373,11/28/2025
936,383,3J4YLG9F,1.1,Payment,6363,2/14/2025
937,100,C8K7R0N4,2,Payment,19202,5/26/2025
938,70,CGITYA6U,1.2,Transfer,8842,10/3/2025
939,45,7IZR1NTM,1.1,Transfer,18433,4/23/2025
940,171,FGDY9BJ1,2,Deposit,6587,8/15/2025
941,547,LQAVZUXT,1.2,Payment,19660,1/19/2025
942,399,ABPHM0ZQ,2,Payment,17276,7/26/2025
943,360,QVFR6I5A,1.1,Payment,12439,9/21/2025
944,996,BECGMYF0,1.2,Payment,8019,1/6/2025
945,162,LNZ7WGQ0,1.2,Payment,6950,4/20/2025
946,569,V0H7LZUD,1,Payment,19996,2/8/2025
947,490,WRBA25KS,1,Deposit,14304,10/24/2025
948,125,F2N6WG3K,1,Deposit,13793,5/14/2025
949,282,C5B3HTVQ,1.1,Deposit,5948,9/6/2025
950,943,5CIDH32N,1.2,Deposit,18104,5/7/2025
951,372,QSMPUIK3,1.1,Transfer,17438,2/11/2025
952,113,UBIA9DM5,1.1,Deposit,12193,8/22/2025
953,686,46WTGBCE,2,Payment,8901,4/16/2025
954,456,C27Z8GHD,1.2,Transfer,599,12/20/2025
955,977,5JEKV3GI,1.2,Deposit,14884,7/10/2025
956,195,XI5JON87,1,Deposit,1427,3/28/2025
957,541,LMZ24VWY,1.1,Deposit,2354,11/27/2025
958,307,ZOU43SA1,1,Payment,2429,8/13/2025
959,884,PGCJ610W,2,Deposit,4282,8/29/2025
960,880,5BALG02S,2,Deposit,6783,8/31/2025
961,382,6EUM230W,1,Payment,10811,4/4/2025
962,680,WO6AQGHF,1.1,Payment,62,3/23/2025
963,304,KCVEW52U,1.2,Deposit,1048,8/7/2025
964,565,0MDS2V39,1.1,Transfer,15299,10/29/2025
965,773,LMWI42SV,1.2,Transfer,10151,11/22/2025
966,171,H5MILJ0U,1.2,Payment,1688,9/9/2025
967,872,GBDK4EHO,1.2,Transfer,11257,3/17/2025
968,287,JBUYDS54,1,Payment,18505,10/30/2025
969,196,KI74N09T,1.2,Payment,7972,5/15/2025
970,386,5JU3NRZH,1.2,Transfer,630,8/27/2025
971,704,EI3V7TPY,1.2,Payment,816,5/26/2025
972,801,06HLPBTY,1,Payment,9832,5/17/2025
973,592,K5DELTNH,1.2,Payment,17523,9/23/2025
974,264,VIQFHPJ0,1.1,Deposit,19713,1/12/2025
975,50,63YUP1ZF,1,Deposit,11447,7/6/2025
976,383,VTR9FU56,1,Payment,10795,5/3/2025
977,497,49FZGEJ8,2,Transfer,11663,6/9/2025
978,112,XMSCR1LY,2,Payment,8857,2/20/2025
979,633,I9C6F0R3,2,Transfer,6749,11/9/2025
980,167,PRX9G3V1,1,Payment,8381,6/17/2025
981,182,Z257YG14,1.1,Deposit,6183,1/28/2025
982,148,1PCYFD9I,1.1,Payment,17191,10/14/2025
983,714,9ZJYUQAS,2,Transfer,7748,6/12/2025
984,798,YBFKS6XQ,1.1,Deposit,5429,12/26/2025
985,906,LMGB7V89,2,Deposit,1264,5/19/2025
986,799,CLYDGJ9O,1,Transfer,2932,8/17/2025
987,752,RZNXUVTJ,2,Deposit,9579,3/21/2025
988,122,D98E6I0C,1.2,Transfer,2027,5/2/2025
989,509,MK7VZ2LU,1.1,Deposit,10710,8/23/2025
990,30,LUQD1SPO,1.2,Payment,1375,11/24/2025
991,479,0ZBA2IQS,1.1,Transfer,5809,3/7/2025
992,914,L4KUHTQP,1.1,Deposit,2296,9/22/2025
993,381,AB0PIGH8,1.1,Payment,19522,11/25/2025
994,150,1UV8NEMD,1.2,Deposit,19621,1/1/2025
995,511,80EAM6TL,1,Deposit,18440,6/7/2025
996,635,FWH4TROZ,1,Transfer,7604,1/30/2025
997,365,8ZTNEJ2S,2,Payment,15234,3/2/2025
998,82,2GHT1U5P,2,Payment,19159,1/1/2025
999,900,6532IPZD,1,Transfer,5599,11/1/2025
1000,386,5JK01B79,1.1,Payment,6565,8/26/2025
